losses/entropy,global_step,losses/clipfrac,charts/learning_rate,_runtime,losses/value_loss,_step,_timestamp,losses/old_approx_kl,losses/explained_variance,charts/episodic_length,losses/approx_kl,charts/episodic_return,losses/policy_loss,charts/SPS
,0,,,1.6220557689666748,,0,1763260012.2981787,,,,,,,
,125,,,3.16159725189209,,7,1763260013.8377202,,,16.0,,16.0,,
,588,,,3.7194983959198,,33,1763260014.3956213,,,26.0,,26.0,,
,757,,,3.8614509105682373,,41,1763260014.5375738,,,38.0,,38.0,,
,863,,,4.009772300720215,,47,1763260014.6858952,,,14.0,,14.0,,
,1342,,,4.479361057281494,,64,1763260015.155484,,,51.0,,51.0,,
,1539,,,4.702123165130615,,74,1763260015.378246,,,40.0,,40.0,,
,1661,,,4.749061107635498,,77,1763260015.425184,,,26.0,,26.0,,
,1907,,,5.035390138626099,,88,1763260015.711513,,,23.0,,23.0,,
,2161,,,5.288821697235107,,102,1763260015.9649446,,,15.0,,15.0,,
,2177,,,5.363699436187744,,104,1763260016.0398223,,,16.0,,16.0,,
0.6205531358718872,2688,0.0,0.000298463914077729,5.870648622512817,0.47258901596069336,133,1763260016.5467715,0.0006356295198202133,0.1384892463684082,,0.0017175115644931793,,0.007430052384734154,960.0
,2945,,,6.160744667053223,,147,1763260016.8368676,,,27.0,,27.0,,
,3036,,,6.19547700881958,,149,1763260016.8716,,,34.0,,34.0,,
,3052,,,6.202282667160034,,150,1763260016.8784056,,,16.0,,16.0,,
,3153,,,6.314749717712402,,155,1763260016.9908726,,,24.0,,24.0,,
,3195,,,6.3322577476501465,,157,1763260017.0083807,,,23.0,,23.0,,
0.5130959153175354,3968,0.0,0.0002976958639919758,7.183650016784668,0.726219892501831,195,1763260017.859773,0.003259086050093174,0.35099852085113525,,0.000434347428381443,,-0.00640310812741518,965.0
,4188,,,7.34322452545166,,203,1763260018.0193474,,,35.0,,35.0,,
,4445,,,7.585353374481201,,213,1763260018.2614763,,,43.0,,43.0,,
0.4789288640022278,4608,0.017578125,0.0002973118389490992,7.781751871109009,0.22480277717113495,217,1763260018.4578748,0.007380153983831406,0.6676969528198242,,0.006986397318542004,,-0.08777537941932678,978.0
,5003,,,8.138836145401001,,228,1763260018.814959,,,86.0,,86.0,,
0.4043503403663635,5248,0.00390625,0.0002969278139062226,8.395636796951294,0.2093103677034378,233,1763260019.0717597,0.009358672425150871,0.7374173402786255,,0.002394476905465126,,-0.03540702164173126,986.0
0.32488366961479187,6016,0.0,0.00029646698385477066,9.096073389053345,0.24906276166439056,251,1763260019.7721963,-0.009574253112077713,-0.06242239475250244,,0.00015280209481716156,,0.0004482641816139221,998.0
0.4094225764274597,6272,0.0,0.00029631337383762,9.358500003814697,0.22792208194732666,259,1763260020.034623,0.006361497566103935,-0.08076190948486328,,0.0005816034972667694,,-0.02346615493297577,997.0
,6526,,,9.526459693908691,,265,1763260020.2025826,,,58.0,,58.0,,
,6779,,,9.763436555862427,,273,1763260020.4395595,,,40.0,,40.0,,
0.32554274797439575,6784,0.017578125,0.00029600615380331874,9.833875894546509,11.879944801330566,274,1763260020.5099988,0.030431415885686874,-0.05434536933898926,,0.004439284093677998,,0.02088327333331108,1003.0
,7242,,,10.229878187179565,,292,1763260020.906001,,,29.0,,29.0,,
,7957,,,10.972137928009033,,327,1763260021.6482608,,,16.0,,16.0,,
,8024,,,11.001702070236206,,330,1763260021.677825,,,20.0,,20.0,,
0.36872637271881104,8064,0.0,0.00029523810371756554,11.085254430770874,4.5603251457214355,332,1763260021.7613773,0.005387314595282078,-0.007127642631530762,,0.0006581498309969902,,0.001972738653421402,1006.0
,8179,,,11.135514974594116,,337,1763260021.8116379,,,25.0,,25.0,,
,8216,,,11.226866245269775,,340,1763260021.9029891,,,18.0,,18.0,,
,8848,,,12.208576440811157,,370,1763260022.8846993,,,35.0,,35.0,,
,9461,,,12.914544105529785,,396,1763260023.590667,,,37.0,,37.0,,
,10291,,,13.893182754516602,,425,1763260024.5693057,,,47.0,,47.0,,
,10807,,,14.372193574905396,,441,1763260025.0483165,,,43.0,,43.0,,
,11163,,,14.75883412361145,,450,1763260025.434957,,,109.0,,109.0,,
0.3375195860862732,12288,0.017578125,0.00029270353843457997,15.858999252319336,0.09886510670185089,471,1763260026.5351222,0.02918083220720291,0.7594038248062134,,0.004541452974081039,,0.01648157835006714,961.0
,12849,,,16.342753171920776,,481,1763260027.018876,,,63.0,,63.0,,
0.2693290114402771,13312,0.01953125,0.0002920890983659774,16.785072565078735,10.738211631774902,490,1763260027.4611955,0.01497621275484562,0.3477097749710083,,0.0029172440990805626,,-0.0336097851395607,970.0
0.2883654534816742,13952,0.009765625,0.0002917050733231008,17.42937660217285,0.16727271676063538,504,1763260028.1054995,-0.0084132831543684,0.9945521354675293,,0.002064090222120285,,-0.012504220008850098,971.0
,14520,,,17.912869453430176,,515,1763260028.5889924,,,90.0,,90.0,,
0.28002914786338806,15360,0.013671875,0.0002908602182287723,18.79456663131714,13.73590087890625,530,1763260029.4706895,0.02641514129936695,-0.008412837982177734,74.0,0.003392341546714306,74.0,0.006347017362713814,977.0
,15788,,,19.21232771873474,,539,1763260029.8884506,,,60.0,,60.0,,
,16190,,,19.565701961517334,,547,1763260030.2418249,,,69.0,,69.0,,
,16569,,,19.91083860397339,,555,1763260030.5869615,,,119.0,,119.0,,
,16762,,,20.049280643463135,,559,1763260030.7254035,,,63.0,,63.0,,
0.17373126745224,17152,0.001953125,0.0002897849481087178,20.52288246154785,0.1455647200345993,568,1763260031.1990054,0.008267359808087349,0.9918814301490784,,0.00109083391726017,,-0.008511528372764587,982.0
0.16526728868484497,18176,0.00390625,0.00028917050804011524,21.54324436187744,0.30345088243484497,595,1763260032.2193673,0.007721106521785259,0.9921731948852539,,0.0009015323594212532,,-0.0018913522362709045,984.0
,18879,,,22.17131233215332,,614,1763260032.8474352,,,54.0,,54.0,,
,19449,,,22.720723628997803,,630,1763260033.3968465,,,35.0,,35.0,,
,19652,,,22.936742782592773,,636,1763260033.6128657,,,37.0,,37.0,,
,19835,,,23.071343660354614,,640,1763260033.7474666,,,60.0,,60.0,,
,20757,,,24.026025533676147,,664,1763260034.7021484,,,45.0,,45.0,,
,21404,,,24.691900730133057,,684,1763260035.3680236,,,37.0,,37.0,,
,21585,,,24.829224824905396,,689,1763260035.5053477,,,39.0,,39.0,,
,21884,,,25.08131432533264,,698,1763260035.7574372,,,48.0,,48.0,,
,22178,,,25.406058073043823,,707,1763260036.082181,,,43.0,,43.0,,
,22933,,,26.17660617828369,,729,1763260036.852729,,,35.0,,35.0,,
,24302,,,27.45965313911438,,767,1763260038.135776,,,78.0,,78.0,,
,24694,,,27.872938632965088,,775,1763260038.5490615,,,84.0,,84.0,,
,25156,,,28.325106382369995,,788,1763260039.0012293,,,46.0,,46.0,,
,25505,,,28.708774089813232,,797,1763260039.384897,,,41.0,,41.0,,
,25851,,,28.982028007507324,,806,1763260039.658151,,,40.0,,40.0,,
,28168,,,31.255571365356445,,863,1763260041.9316943,,,58.0,,58.0,,
,28548,,,31.60114598274231,,872,1763260042.277269,,,82.0,,82.0,,
,28752,,,31.74617314338684,,876,1763260042.422296,,,52.0,,52.0,,
,30697,,,33.61801838874817,,922,1763260044.2941413,,,59.0,,59.0,,
,30973,,,33.86005353927612,,930,1763260044.5361764,,,46.0,,46.0,,
0.1672915518283844,31232,0.005859375,0.00028133639716543257,34.203444719314575,0.1359584927558899,938,1763260044.8795676,-0.013138976879417896,0.004012584686279297,,0.0028131743893027306,,-0.01248856633901596,1003.0
,31358,,,34.25161027908325,,941,1763260044.9277332,,,56.0,,56.0,,
0.18799005448818207,31360,0.0,0.00028125959215685725,34.32072997093201,38.82929229736328,942,1763260044.9968529,-0.010128664784133434,-0.01230156421661377,,0.0005412185564637184,,0.0003058966249227524,1003.0
,31537,,,34.4604856967926,,948,1763260045.1366086,,,46.0,,46.0,,
0.14096321165561676,32384,0.0,0.0002806451520882547,35.31140685081482,37.83676528930664,974,1763260045.9875298,0.0008942168205976486,-0.011835217475891113,,9.274110198020935e-06,,0.00011377967894077301,1004.0
,32559,,,35.45326566696167,,980,1763260046.1293886,,,41.0,,41.0,,
,32753,,,35.59359288215637,,985,1763260046.2697158,,,36.0,,36.0,,
,33107,,,35.934375047683716,,995,1763260046.610498,,,36.0,,36.0,,
,33710,,,36.56314444541931,,1015,1763260047.2392673,,,45.0,,45.0,,
0.21311965584754944,34176,0.013671875,0.0002795698819682002,37.0195631980896,0.16825556755065918,1031,1763260047.695686,-0.027590792626142502,-0.00789952278137207,,0.005333340726792812,,0.0002710858825594187,1006.0
,34695,,,37.55335450172424,,1050,1763260048.2294774,,,33.0,,33.0,,
,34789,,,37.591023683547974,,1053,1763260048.2671466,,,32.0,,32.0,,
,34889,,,37.703208208084106,,1058,1763260048.379331,,,23.0,,23.0,,
,35478,,,38.34175419807434,,1083,1763260049.017877,,,23.0,,23.0,,
,35693,,,38.496403217315674,,1091,1763260049.1725261,,,32.0,,32.0,,
0.2665283679962158,36096,0.0,0.0002784178068395704,38.93048596382141,33.40070724487305,1106,1763260049.6066089,0.00013361312448978424,-0.00462794303894043,,0.0006711799651384354,,0.0010694526135921478,1006.0
,36391,,,39.188546895980835,,1118,1763260049.8646698,,,28.0,,28.0,,
,36798,,,39.615734338760376,,1133,1763260050.2918572,,,29.0,,29.0,,
,37138,,,39.95662808418274,,1145,1763260050.632751,,,34.0,,34.0,,
,37619,,,40.42877960205078,,1164,1763260051.1049025,,,32.0,,32.0,,
,37813,,,40.74351358413696,,1172,1763260051.4196365,,,25.0,,25.0,,
0.36640313267707825,38016,0.015625,0.0002772657317109406,40.96682786941528,30.26849365234375,1181,1763260051.6429508,0.06414993107318878,-0.0017691850662231445,,0.008608296513557434,,-0.008289724588394165,1003.0
,38139,,,41.01914572715759,,1186,1763260051.6952686,,,25.0,,25.0,,
,38376,,,41.260478496551514,,1197,1763260051.9366014,,,21.0,,21.0,,
,38755,,,41.66934013366699,,1213,1763260052.345463,,,25.0,,25.0,,
,38787,,,41.781166315078735,,1215,1763260052.4572892,,,32.0,,32.0,,
,39044,,,42.03720045089722,,1226,1763260052.7133234,,,34.0,,34.0,,
,39159,,,42.08634424209595,,1230,1763260052.7624671,,,33.0,,33.0,,
,39254,,,42.198469161987305,,1234,1763260052.874592,,,35.0,,35.0,,
,39532,,,42.45620107650757,,1245,1763260053.132324,,,28.0,,28.0,,
,39787,,,42.700958490371704,,1254,1763260053.3770814,,,38.0,,38.0,,
0.23302508890628815,40192,0.064453125,0.0002759600756689906,43.2105495929718,52.11338806152344,1271,1763260053.8866725,0.02038523554801941,0.02163773775100708,,0.016160843893885612,,-0.021947287023067474,1001.0
,41087,,,44.06311845779419,,1299,1763260054.7392414,,,68.0,,68.0,,
0.43153899908065796,43520,0.109375,0.0002739631454460323,46.395066261291504,0.08376532047986984,1339,1763260057.0711892,-0.016904227435588837,0.917595386505127,,0.03433665633201599,,-0.058741532266139984,1004.0
0.4660569727420807,43648,0.208984375,0.00027388634043745697,46.51526880264282,0.15757007896900177,1340,1763260057.1913917,0.06734312325716019,0.9241538047790527,,0.08178147673606873,,-0.08592414855957031,1004.0
0.43126359581947327,45952,0.001953125,0.0002725038502831012,48.848843812942505,0.054482050240039825,1363,1763260059.5249667,0.022531822323799133,0.8364895582199097,,0.0032341349869966507,,-0.026087656617164612,1003.0
0.3760937452316284,46208,0.0546875,0.00027235024026595056,49.104982137680054,0.04970385134220123,1365,1763260059.781105,0.046211764216423035,0.2509387135505676,,0.010331873781979084,,-0.037978120148181915,1003.0
0.3244975805282593,46720,0.083984375,0.0002720430202316493,49.59791588783264,0.046689052134752274,1370,1763260060.2740388,0.0579322874546051,0.7609773874282837,,0.017374861985445023,,-0.021337315440177917,1004.0
,47727,,,50.45832324028015,,1380,1763260061.1344461,,,500.0,,500.0,,
0.21925358474254608,47744,0.1328125,0.0002714285801630467,50.5324981212616,39.208595275878906,1381,1763260061.208621,0.04945442080497742,0.00030344724655151367,,0.018100613728165627,,0.006112335249781609,1006.0
0.2656346261501312,48512,0.123046875,0.0002709677501115948,51.19920253753662,0.03906437009572983,1388,1763260061.8753254,0.05035436898469925,0.5192471742630005,,0.013861085288226604,,-0.0384678989648819,1008.0
,49227,,,51.82573080062866,,1395,1763260062.5018537,,,500.0,,500.0,,
0.246427521109581,49664,0.005859375,0.0002702765050344169,52.243337869644165,0.0345587320625782,1399,1763260062.9194608,-0.004339549690485001,0.6857621669769287,,0.00017672032117843628,,0.003946781158447266,1010.0
,50227,,,52.74767756462097,,1405,1763260063.4238005,,,500.0,,500.0,,
0.16605480015277863,52992,0.076171875,0.0002682795748114586,55.24956154823303,0.025143984705209732,1432,1763260065.9256845,0.02483874186873436,0.7297787666320801,,0.008488181978464127,,-0.017553044483065605,1015.0
0.1912984848022461,53120,0.005859375,0.00026820276980288327,55.36081004142761,0.022810518741607666,1433,1763260066.036933,0.01165548712015152,0.7264654040336609,,0.0012555122375488281,,-0.02424577996134758,1015.0
0.22256383299827576,55296,0.05078125,0.0002668970846571028,57.38769459724426,0.03638578951358795,1455,1763260068.0638175,0.005640141665935516,0.00012063980102539062,,0.002187134698033333,,-0.01167529821395874,1018.0
0.2110535353422165,55424,0.0,0.0002668202796485275,57.500224113464355,0.027915438637137413,1456,1763260068.176347,0.006910532712936401,0.8342148661613464,,0.0006271004676818848,,-0.016498355194926262,1018.0
0.29200366139411926,55552,0.044921875,0.0002667434746399522,57.61110210418701,0.022361058741807938,1457,1763260068.287225,0.030036985874176025,0.49433737993240356,,0.00953577645123005,,-0.015172984451055527,1018.0
0.24480101466178894,61312,0.041015625,0.00026328724925406277,62.79536509513855,0.02768438123166561,1514,1763260073.471488,0.03850836306810379,8.392333984375e-05,,0.01133635826408863,,-0.012558722868561745,1026.0
0.23605051636695862,62080,0.0625,0.00026282641920261085,63.51097536087036,0.007920798845589161,1521,1763260074.1870983,0.0775175616145134,0.6234121918678284,,0.012314687483012676,,-0.06556108593940735,1027.0
0.20555901527404785,62720,0.1145833358168602,0.00026244239415973425,64.0967288017273,0.014282101765275002,1527,1763260074.7728517,-0.058065976947546005,0.8012498617172241,,0.03642527759075165,,0.1203538030385971,1027.0
0.2418430745601654,62848,0.0,0.00026236558915115893,64.21276926994324,0.021524010226130486,1529,1763260074.8888922,0.008625109679996967,1.2636184692382812e-05,,0.0016403654590249062,,-0.015654079616069794,1027.0
0.3190601170063019,63360,0.03125,0.00026205836911685765,64.68137741088867,0.015023204497992992,1534,1763260075.3575003,-0.0011855261400341988,0.7102562189102173,,0.006807426922023296,,-0.008607354015111923,1028.0
0.3527563214302063,63616,0.001953125,0.000261904759099707,64.90179491043091,0.008366898633539677,1536,1763260075.5779178,0.010858074761927128,0.14514923095703125,,0.0005388772115111351,,-0.0070911794900894165,1028.0
0.16150394082069397,64256,0.068359375,0.0002615207340568304,65.50166177749634,0.019337035715579987,1543,1763260076.1777847,0.09317675977945328,-5.352497100830078e-05,,0.02520892769098282,,-0.04291793704032898,1029.0
0.15717987716197968,64512,0.01171875,0.00026136712403967977,65.72832608222961,0.004474577959626913,1545,1763260076.404449,0.02110009454190731,0.22524768114089966,,0.004070047289133072,,-0.015626920387148857,1029.0
0.12882237136363983,64640,0.017578125,0.00026129031903110445,65.8411774635315,0.003493459429591894,1546,1763260076.5173004,0.0013398844748735428,0.854992151260376,,0.00045916996896266937,,-0.003974609076976776,1029.0
0.20014360547065735,65792,0.00390625,0.00026059907395392656,66.9059247970581,83.1509780883789,1558,1763260077.5820477,0.01121618039906025,-2.2411346435546875e-05,,0.0021229619160294533,,0.001616867259144783,1030.0
0.19151663780212402,65920,0.08984375,0.00026052226894535124,67.01634883880615,0.010070696473121643,1559,1763260077.6924717,0.002610703930258751,0.7361103892326355,,0.002038136124610901,,0.0007806280627846718,1030.0
0.22794613242149353,66304,0.005859375,0.0002602918539196253,67.38825798034668,84.30757141113281,1563,1763260078.064381,0.029809150844812393,5.0067901611328125e-06,,0.0020021311938762665,,0.005008582025766373,1030.0
0.20300933718681335,66688,0.046875,0.0002600614388938993,67.72115063667297,0.005900077987462282,1566,1763260078.3972735,0.006971364840865135,0.3823740482330322,,0.0018452927470207214,,-0.010435841977596283,1031.0
0.12384282797574997,68992,0.03515625,0.00025867894873954356,69.79005312919617,0.004346191883087158,1589,1763260080.466176,0.02424844354391098,0.8135908842086792,,0.0074708713218569756,,-0.012904681265354156,1034.0
0.23319697380065918,69760,0.029296875,0.00025821811868809164,70.49264216423035,0.013029832392930984,1597,1763260081.168765,-0.034836117178201675,-2.5033950805664062e-06,,0.009248779155313969,,0.030250784009695053,1034.0
0.2394026815891266,70784,0.015625,0.0002576036786194891,71.42584753036499,0.011489388532936573,1607,1763260082.1019704,-0.005851995199918747,-3.325939178466797e-05,,0.0018257591873407364,,0.007128063589334488,1035.0
0.29375743865966797,71040,0.05078125,0.00025745006860233843,71.6508858203888,0.004612157121300697,1609,1763260082.3270087,-0.0015774881467223167,0.7584614753723145,,0.014387293718755245,,0.007138218730688095,1035.0
0.3151405155658722,71168,0.015625,0.0002573732635937631,71.76050734519958,0.002104600891470909,1610,1763260082.4366302,0.030084088444709778,0.22818750143051147,,0.00812380202114582,,0.004834845662117004,1036.0
0.12919797003269196,73984,0.01171875,0.00025568355340510607,74.28133654594421,0.0025230091996490955,1638,1763260084.9574594,0.005737060680985451,0.7773160934448242,,0.0010839439928531647,,-0.017682433128356934,1038.0
0.10183476656675339,78976,0.0,0.0002526881580706686,78.82995080947876,0.001856246031820774,1687,1763260089.5060737,-0.002602390944957733,0.7995919585227966,,0.0001321844756603241,,-0.0015515051782131195,1042.0
0.2347659319639206,83584,0.0390625,0.0002499232068657875,83.18565654754639,0.00020732483244501054,1732,1763260093.8617795,0.006387466564774513,0.7864502668380737,,0.00040027499198913574,,-0.010403096675872803,1043.0
0.1859431117773056,84864,0.005859375,0.0002491551567800343,84.43570923805237,0.000915218610316515,1745,1763260095.1118321,0.0006596241146326065,0.9532511234283447,,0.0001230277121067047,,-0.0015953360125422478,1043.0
,85727,,,85.17368412017822,,1753,1763260095.849807,,,500.0,,500.0,,
0.13325956463813782,85760,0.05078125,0.00024861752172000706,85.28100919723511,0.006173313595354557,1754,1763260095.957132,0.006674556061625481,-3.0875205993652344e-05,,0.000733865424990654,,-0.010804623365402222,1043.0
0.15526467561721802,86912,0.001953125,0.0002479262766428292,86.35958909988403,0.0027793392073363066,1765,1763260097.035712,-0.005566762760281563,0.7590893507003784,,0.0005016010254621506,,0.0072001004591584206,1043.0
,87227,,,86.61012673377991,,1768,1763260097.2862496,,,500.0,,500.0,,
0.19842742383480072,88192,0.033203125,0.000247158226557076,87.56124639511108,0.0009085680358111858,1777,1763260098.2373693,0.009892066940665245,0.8365018367767334,,0.004931390285491943,,-0.016181670129299164,1043.0
0.18587762117385864,92288,0.001953125,0.00024470046628266573,91.30093502998352,0.005674094893038273,1818,1763260101.977058,0.0030606742948293686,-3.325939178466797e-05,,0.0024329740554094315,,-0.012520305812358856,1046.0
0.10721743106842041,92800,0.046875,0.00024439324624836445,91.77558016777039,0.006836044602096081,1823,1763260102.451703,0.012509526684880257,-3.838539123535156e-05,,0.006103808060288429,,-0.005372133105993271,1046.0
,95727,,,94.33104157447815,,1851,1763260105.0071645,,,500.0,,500.0,,
0.14087051153182983,97408,0.068359375,0.00024162826593965292,95.941477060318,0.00016616060747765005,1868,1763260106.6176,0.024179549887776375,0.746185302734375,,0.009400623850524426,,-0.01854054629802704,1048.0
0.18684186041355133,97920,0.00390625,0.00024132104590535164,96.38679194450378,0.0013573101023212075,1873,1763260107.0629148,0.003052426502108574,0.38895779848098755,,0.0012054648250341415,,-0.007134557701647282,1049.0
0.18676836788654327,98304,0.041015625,0.00024109063087962568,96.75402855873108,132.3135223388672,1877,1763260107.4301515,-0.0024458765983581543,-2.6226043701171875e-06,,0.011898944154381752,,0.023914117366075516,1049.0
,99227,,,97.53357410430908,,1886,1763260108.209697,,,500.0,,500.0,,
0.1336880326271057,100992,0.01953125,0.00023947772569954395,99.15617513656616,2.7228394174017012e-05,1903,1763260109.832298,0.015451062470674515,0.5288981199264526,,0.006379231810569763,,-0.00787971168756485,1051.0
0.16477929055690765,101248,0.07421875,0.0002393241156823933,99.38078618049622,0.003637234214693308,1906,1763260110.056909,0.08108842372894287,5.602836608886719e-06,,0.025774462148547173,,-0.037205666303634644,1051.0
0.18566888570785522,102528,0.0390625,0.0002385560655966401,100.58620524406433,7.039139745756984e-05,1918,1763260111.2623281,0.010617237538099289,-0.3064779043197632,,0.001870112493634224,,-0.009981915354728699,1051.0
,102727,,,100.72180581092834,,1920,1763260111.3979287,,,500.0,,500.0,,
,105227,,,103.01171231269836,,1945,1763260113.6878352,,,500.0,,500.0,,
,106727,,,104.3447093963623,,1959,1763260115.0208323,,,500.0,,500.0,,
0.1594855636358261,108160,0.109375,0.00023517664521932602,105.68823385238647,7.032331268419512e-06,1973,1763260116.3643568,0.016144048422574997,0.8240824341773987,,0.037541598081588745,,0.04922628402709961,1054.0
0.14775386452674866,109312,0.0078125,0.00023448540014214814,106.732262134552,0.005761015694588423,1985,1763260117.408385,0.005429168231785297,-1.609325408935547e-05,,0.004568072967231274,,0.004676841199398041,1054.0
0.12868036329746246,109952,0.021484375,0.00023410138965118676,107.31106042861938,0.000836184888612479,1991,1763260117.9871833,-0.004732259549200535,0.792521059513092,,0.00014818180352449417,,0.004399304278194904,1054.0
0.15701469779014587,111104,0.0625,0.00023341014457400888,108.35547375679016,8.689465903444216e-05,2002,1763260119.0315967,0.01558523066341877,0.8630383014678955,,0.0036616716533899307,,-0.023914391174912453,1055.0
0.09571492671966553,111616,0.0,0.0002331029245397076,108.81069946289062,7.746485789539292e-05,2007,1763260119.4868224,2.726074308156967e-05,0.7575066685676575,,7.013790309429169e-06,,-8.133798837661743e-05,1055.0
0.11396132409572601,112512,0.052734375,0.00023256528947968036,109.6349606513977,4.2241401388309896e-05,2016,1763260120.3110836,0.03702779859304428,0.5730268955230713,,0.007668036036193371,,-0.033403120934963226,1055.0
0.0723302811384201,113280,0.009765625,0.00023210445942822844,110.30751919746399,0.004943390376865864,2024,1763260120.983642,0.0006726672872900963,3.796815872192383e-05,,0.00011966470628976822,,-0.0015837512910366058,1056.0
0.2217801809310913,113664,0.044921875,0.00023187404440250248,110.67458820343018,9.11862516659312e-05,2027,1763260121.350711,-0.005484200082719326,0.7352405786514282,,0.0015893066301941872,,5.5344775319099426e-05,1056.0
0.19708400964736938,114304,0.001953125,0.00023149001935962588,111.23118829727173,0.0039548249915242195,2034,1763260121.9073112,0.012227702885866165,5.7697296142578125e-05,,0.0014582928270101547,,-0.017222300171852112,1056.0
0.1287447065114975,115456,0.04296875,0.000230798774282448,112.25684118270874,0.0008157598203979433,2045,1763260122.932964,0.037773266434669495,0.7063105702400208,,0.015652364119887352,,-0.00640002079308033,1057.0
0.15620586276054382,116096,0.09375,0.0002304147492395714,112.83433938026428,0.00010532384476391599,2051,1763260123.5104623,0.022960927337408066,0.8997064828872681,,0.04330243915319443,,-0.028536200523376465,1057.0
0.282731831073761,116224,0.091796875,0.00023033794423099607,112.94607996940613,3.0630577384727076e-05,2052,1763260123.6222029,0.0011225491762161255,0.9164075255393982,,0.0026715118438005447,,-0.021607249975204468,1057.0
0.2563976049423218,118016,0.0,0.0002292626741109416,114.5731155872345,3.987146556028165e-06,2070,1763260125.2492385,-0.0029329005628824234,0.7425074577331543,,0.00017696432769298553,,0.0020728036761283875,1058.0
0.14507931470870972,118656,0.0078125,0.000228878649068065,115.13673281669617,1.8066826669382863e-05,2076,1763260125.8128557,0.000692097470164299,0.923306405544281,,0.00368611142039299,,0.019172485917806625,1058.0
0.1077067106962204,120320,0.08984375,0.00022788018395658582,116.4853003025055,140.22825622558594,2093,1763260127.1614232,0.10392443835735321,0.0054534077644348145,,0.040044717490673065,,-0.025806879624724388,1060.0
0.1252613365650177,120448,0.00390625,0.0002278033789480105,116.59535431861877,0.00021617750462610275,2094,1763260127.2714772,0.020098106935620308,0.9722117781639099,,0.0018080808222293854,,-0.008996710181236267,1061.0
0.13038478791713715,122752,0.00390625,0.00022642088879365474,118.39373445510864,0.006521463859826326,2117,1763260129.0698574,0.005869710817933083,-1.3232231140136719e-05,,0.00031816959381103516,,-0.009791947901248932,1064.0
,125727,,,121.06348896026611,,2146,1763260131.7396119,,,500.0,,500.0,,
0.2353871762752533,125952,0.046875,0.00022450076357927173,121.27418446540833,0.0009795492514967918,2148,1763260131.9503074,0.0673028826713562,0.456170916557312,,0.030335165560245514,,-0.033754363656044006,1065.0
0.14206987619400024,126720,0.005859375,0.0002240399335278198,121.98561549186707,3.479969018371776e-05,2155,1763260132.6617384,0.0008451100438833237,0.6114195585250854,,2.6166439056396484e-05,,-0.0023112185299396515,1065.0
0.14650557935237885,128384,0.00390625,0.00022304146841634065,123.47813415527344,0.0008778644260019064,2172,1763260134.154257,0.012438216246664524,0.7643308043479919,,0.0023412397131323814,,-0.018215492367744446,1066.0
,129727,,,124.66776371002197,,2185,1763260135.3438866,,,500.0,,500.0,,
0.13578470051288605,130432,0.02734375,0.00022181260283105075,125.36266112327576,0.0004955421900376678,2192,1763260136.038784,0.009868435561656952,0.23631948232650757,,0.006474346853792667,,-0.007875457406044006,1066.0
0.16918696463108063,131200,0.060546875,0.00022135177277959883,126.06372046470642,7.0473353844136e-05,2199,1763260136.7398434,0.019035495817661285,-0.11524713039398193,,0.005973849445581436,,-0.015032079070806503,1066.0
0.14090538024902344,132352,0.03515625,0.00022066052770242095,127.08202075958252,0.005741672590374947,2211,1763260137.7581437,0.026478884741663933,4.470348358154297e-05,,0.005043148994445801,,-0.03735288977622986,1067.0
,132727,,,127.36286878585815,,2214,1763260138.0389917,,,500.0,,500.0,,
0.21897728741168976,133248,0.1328125,0.0002201228926423937,127.88277292251587,141.81333923339844,2220,1763260138.5588958,0.09307688474655151,5.435943603515625e-05,,0.019312044605612755,,0.013683527708053589,1067.0
0.20846202969551086,133632,0.07421875,0.00021989247761666775,128.25293636322021,5.602511009783484e-06,2223,1763260138.9290593,-0.011571582406759262,-0.5302422046661377,,0.025636501610279083,,0.03245408833026886,1067.0
0.061110783368349075,133760,0.0546875,0.00021981567260809243,128.3648865222931,141.95205688476562,2225,1763260139.0410094,0.06277160346508026,7.68899917602539e-05,,0.01474175788462162,,0.008476853370666504,1067.0
0.15388764441013336,133888,0.04296875,0.0002197388675995171,128.47520399093628,0.0001006839083856903,2226,1763260139.151327,0.042099691927433014,0.8149706125259399,,0.013143066316843033,,-0.04017278552055359,1067.0
0.14336857199668884,134016,0.05078125,0.0002196620625909418,128.58622860908508,0.00015013149823062122,2227,1763260139.2623515,0.07465486973524094,0.08589416742324829,,0.020812520757317543,,-0.03642188385128975,1067.0
0.19206398725509644,134784,0.00390625,0.00021920123253948987,129.2933578491211,0.006296700797975063,2235,1763260139.9694808,0.0003100316971540451,0.00014328956604003906,,0.0010608453303575516,,-0.003685746341943741,1067.0
0.10461883246898651,135424,0.044921875,0.00021881720749661326,129.83485555648804,0.0006641820073127747,2241,1763260140.5109785,0.013940351083874702,0.6353696584701538,,0.009695332497358322,,-0.01568720117211342,1068.0
0.15570780634880066,136192,0.1875,0.00021835637744516134,130.4906289577484,0.00014776186435483396,2248,1763260141.1667519,0.0412508025765419,0.47105997800827026,,0.10404977202415466,,-0.07212197035551071,1068.0
0.2142140120267868,136320,0.091796875,0.00021827957243658602,130.60457921028137,0.0019766383338719606,2250,1763260141.280702,0.03215567022562027,0.0008778572082519531,,0.08911427855491638,,-0.05190056562423706,1068.0
0.21666304767131805,136704,0.0859375,0.00021804915741086006,130.91991353034973,0.00014427890710067004,2253,1763260141.5960364,0.028667263686656952,0.5483732223510742,,0.0370992012321949,,-0.02903009206056595,1069.0
0.13763312995433807,138624,0.15234375,0.00021689708228223026,132.52679896354675,0.012955501675605774,2272,1763260143.2029219,0.022106196731328964,0.8943794965744019,,0.18008936941623688,,-0.07031581550836563,1070.0
0.16652505099773407,139392,0.16015625,0.00021643625223077834,133.01325917243958,2.769167986116372e-05,2280,1763260143.689382,0.06951102614402771,0.937958300113678,,0.03636918216943741,,-0.029960405081510544,1072.0
0.13749554753303528,140928,0.1223958358168602,0.0002155145921278745,134.32253122329712,0.0004784605116583407,2295,1763260144.9986541,0.03916691243648529,0.9470369815826416,,0.040963880717754364,,0.002429818734526634,1073.0
,141227,,,134.60141587257385,,2298,1763260145.2775388,,,500.0,,500.0,,
0.16675330698490143,142464,0.1484375,0.00021459293202497065,135.63665127754211,9.168396354652941e-05,2310,1763260146.3127742,0.011403444223105907,0.9542564153671265,,0.015476462431252003,,0.009438659995794296,1074.0
0.24659451842308044,142720,0.125,0.00021443932200782,135.85689973831177,0.0003741214459296316,2312,1763260146.5330226,-0.021340861916542053,0.9860849380493164,,0.007938072085380554,,0.03351694718003273,1074.0
0.2311829924583435,143232,0.115234375,0.00021413210197351873,136.30358815193176,0.009731386788189411,2318,1763260146.979711,0.0363081730902195,0.003609180450439453,,0.0290849432349205,,-0.012216279283165932,1075.0
,143727,,,136.7094326019287,,2322,1763260147.3855555,,,500.0,,500.0,,
0.11542969197034836,143872,0.09375,0.00021374807693064213,136.89446210861206,4.5849978050682694e-05,2324,1763260147.570585,0.06286726146936417,0.920582115650177,,0.05808082967996597,,-0.0663495734333992,1075.0
0.2173919379711151,144384,0.087890625,0.00021344085689634085,137.24783658981323,7.117839413695037e-05,2329,1763260147.9239595,0.06714221835136414,0.9548338651657104,,0.020706603303551674,,-0.04496365413069725,1076.0
0.2683836817741394,145408,0.083984375,0.00021282641682773829,138.18065309524536,0.0003921024326700717,2339,1763260148.856776,-0.008082568645477295,0.9345942139625549,,0.014680881053209305,,0.003375813364982605,1076.0
0.18579480051994324,145792,0.0390625,0.00021259600180201232,138.51350259780884,142.16729736328125,2343,1763260149.1896255,-0.021570080891251564,0.011890292167663574,,0.00620649941265583,,-0.0029715336859226227,1076.0
0.14297263324260712,146304,0.12109375,0.00021228878176771104,138.9948718547821,0.0006835515378043056,2348,1763260149.6709948,-0.04404769092798233,0.03722423315048218,,0.023631466552615166,,0.0008984208106994629,1076.0
0.16095583140850067,146944,0.05859375,0.00021190475672483444,139.55288434028625,0.0003162373905070126,2354,1763260150.2290072,0.033355463296175,0.9682337641716003,,0.004767702892422676,,-0.03684375435113907,1076.0
0.2379104346036911,147840,0.12890625,0.0002113671216648072,140.24930477142334,0.000735477136913687,2363,1763260150.9254277,0.10234121978282928,0.013756811618804932,,0.053331345319747925,,-0.06451892852783203,1077.0
0.2265867292881012,150528,0.021484375,0.0002097542310366407,142.58022570610046,5.8893994719255716e-05,2389,1763260153.2563486,0.006125873886048794,0.6786237359046936,,0.0007211314514279366,,-0.007284017279744148,1079.0
0.15307818353176117,154240,0.0234375,0.00020752688578795642,145.8494951725006,0.0063482322730124,2426,1763260156.525618,0.013652976602315903,0.005591213703155518,,0.0011952053755521774,,-0.028486967086791992,1080.0
,154727,,,146.28405356407166,,2430,1763260156.9601765,,,500.0,,500.0,,
0.15787960588932037,156672,0.119140625,0.00020606759062502533,148.04847741127014,0.0008866153657436371,2449,1763260158.7246003,0.01508159190416336,0.40150970220565796,,0.006590839475393295,,-0.031054658815264702,1080.0
,158227,,,149.4527313709259,,2465,1763260160.1288543,,,500.0,,500.0,,
0.27518022060394287,161152,0.09375,0.00020337941532488912,152.06563687324524,0.0003229815047234297,2493,1763260162.7417598,0.05378332734107971,-0.6043894290924072,,0.018080400303006172,,-0.02197059988975525,1081.0
0.24838227033615112,162432,0.025390625,0.00020261136523913592,153.21772575378418,0.0007519025239162147,2506,1763260163.8938487,0.0036132484674453735,0.4177972078323364,,0.008590309880673885,,-0.017243729904294014,1081.0
,163227,,,153.93347072601318,,2514,1763260164.6095936,,,500.0,,500.0,,
0.11778540164232254,163328,0.025390625,0.00020207373017910868,154.03468942642212,0.004790566861629486,2515,1763260164.7108123,0.002558465115725994,0.0038036704063415527,,0.0019500115886330605,,-0.0016780616715550423,1081.0
0.11712992936372757,163840,0.03515625,0.0002017665101448074,154.5157814025879,0.004680381156504154,2520,1763260165.1919043,0.04858500510454178,0.005576908588409424,,0.016430333256721497,,-0.02583722397685051,1081.0
,165227,,,155.68704223632812,,2533,1763260166.3631651,,,500.0,,500.0,,
0.0944606214761734,165888,0.0546875,0.00020053763000760227,156.3202223777771,0.0005811836454086006,2540,1763260166.9963453,0.055083978921175,0.5082106590270996,,0.019373886287212372,,-0.03261467069387436,1082.0
0.1867046356201172,166656,0.056640625,0.00020007679995615035,157.02479672431946,0.00261182920075953,2547,1763260167.7009196,-0.008646366186439991,-0.19055569171905518,,0.001543658785521984,,-0.006898015737533569,1082.0
0.1208946630358696,168960,0.05078125,0.0001986943098017946,159.10527229309082,0.0012272772146388888,2570,1763260169.7813952,0.03166503086686134,0.7451941967010498,,0.004119568504393101,,-0.03174678981304169,1082.0
0.2044391930103302,169088,0.08203125,0.00019861750479321927,159.2174940109253,0.0035661421716213226,2571,1763260169.893617,0.06121933087706566,-0.1109304428100586,,0.01979188621044159,,-0.0566805899143219,1082.0
,169727,,,159.7249047756195,,2577,1763260170.4010277,,,500.0,,500.0,,
0.1383630782365799,173056,0.1041666641831398,0.00019623656407929957,162.75124096870422,0.0038904757238924503,2610,1763260173.4273639,0.1364077478647232,0.9406102299690247,,0.058028966188430786,,-0.05237690359354019,1083.0
0.21160903573036194,175104,0.1276041716337204,0.00019500768394209445,164.36247897148132,0.005642841570079327,2630,1763260175.0386019,-0.07375212013721466,0.9890029430389404,,0.05376897752285004,,0.09282898902893066,1085.0
,175727,,,164.8198537826538,,2636,1763260175.4959767,,,500.0,,500.0,,
,176727,,,165.69606971740723,,2646,1763260176.3721926,,,500.0,,500.0,,
0.2066483199596405,176768,0.0833333358168602,0.00019400921883061528,165.7806851863861,0.02799726463854313,2647,1763260176.456808,-0.045511212199926376,0.3431873917579651,,0.04181375354528427,,-0.0698247179389,1086.0
0.2401570826768875,176896,0.1536458283662796,0.00019393241382203996,165.89808464050293,0.00032541132532060146,2648,1763260176.5742075,0.19160489737987518,0.9917482137680054,,0.07765908539295197,,-0.09096656739711761,1086.0
0.2433660328388214,178944,0.01171875,0.00019270353368483484,167.71142292022705,0.00011759035260183737,2668,1763260178.3875458,0.018680192530155182,0.992926299571991,,0.0019089113920927048,,-0.026779428124427795,1086.0
0.22187067568302155,179456,0.099609375,0.00019239631365053356,168.19310212135315,0.0003736443177331239,2673,1763260178.869225,-0.028713887557387352,0.9903432130813599,,0.06313789635896683,,-0.0014964938163757324,1086.0
0.21887758374214172,180480,0.05078125,0.000191781873581931,169.11551666259766,0.00017574340745341033,2683,1763260179.7916396,0.05036094784736633,0.9902212619781494,,0.01543615572154522,,-0.06457377970218658,1086.0
0.19520699977874756,180864,0.00390625,0.00019155145855620503,169.41943979263306,1.080219226423651e-05,2687,1763260180.0955627,-0.0038213590160012245,0.9945307374000549,,2.3457221686840057e-05,,0.003652576357126236,1087.0
0.18464264273643494,181120,0.0859375,0.0001913978485390544,169.64280557632446,0.0007594965281896293,2689,1763260180.3189285,0.02218315191566944,0.9911491274833679,,0.033479392528533936,,0.0018029790371656418,1087.0
0.13700002431869507,181376,0.03515625,0.00019124423852190375,169.86701202392578,0.00024722059606574476,2692,1763260180.543135,0.024449044838547707,0.9941631555557251,,0.007507862523198128,,-0.01726527139544487,1087.0
0.11999289691448212,185472,0.029296875,0.0001887864782474935,173.4210398197174,0.00022605744015891105,2732,1763260184.0971627,-0.007847929373383522,0.996001124382019,,0.0013126209378242493,,0.027835629880428314,1088.0
0.1553606539964676,187520,0.09375,0.00018755759811028838,175.09040665626526,0.00014538916002493352,2752,1763260185.7665296,0.12341166287660599,0.995698869228363,,0.05775756388902664,,-0.05697156488895416,1090.0
0.16131903231143951,188032,0.068359375,0.0001872503780759871,175.57846927642822,0.0003073092666454613,2757,1763260186.2545922,0.06580264121294022,0.9937362670898438,,0.030686665326356888,,-0.05728298798203468,1090.0
0.15531978011131287,189568,0.04296875,0.00018632871797308326,176.86222457885742,0.00011246898793615401,2772,1763260187.5383475,0.01080887857824564,0.9973378777503967,,0.0027723750099539757,,-0.02788548171520233,1090.0
0.1601312756538391,190592,0.0625,0.00018571429245639592,177.7798547744751,0.000642310013063252,2782,1763260188.4559777,0.14697356522083282,0.994998037815094,,0.05549870431423187,,-0.05480877310037613,1090.0
,191727,,,178.74941635131836,,2793,1763260189.4255393,,,500.0,,500.0,,
0.19444531202316284,194816,0.04296875,0.00018317972717341036,181.5965120792389,135.71817016601562,2824,1763260192.272635,0.12877696752548218,0.12186843156814575,,0.04612458497285843,,0.008552759885787964,1091.0
0.1919124573469162,196736,0.1875,0.00018202765204478055,183.19563126564026,141.0712432861328,2843,1763260193.8717542,0.15721704065799713,0.027450263500213623,,0.07075972855091095,,0.01781817153096199,1092.0
,198227,,,184.4160017967224,,2857,1763260195.0921247,,,500.0,,500.0,,
,200727,,,186.60346603393555,,2882,1763260197.279589,,,500.0,,500.0,,
0.20153474807739258,201600,0.1354166716337204,0.00017910906171891838,187.30825853347778,0.00018027957412414253,2890,1763260197.9843814,-0.04078962281346321,0.7340636253356934,,0.07949955016374588,,-0.048154525458812714,1094.0
0.25877952575683594,207616,0.126953125,0.00017549922631587833,192.68832421302795,3.977157030021772e-05,2949,1763260203.364447,0.1026102602481842,0.9634416103363037,,0.030711092054843903,,-0.07986104488372803,1094.0
,208727,,,193.53097224235535,,2960,1763260204.2070951,,,500.0,,500.0,,
,210227,,,194.81791377067566,,2975,1763260205.4940367,,,500.0,,500.0,,
0.11970207095146179,212480,0.03515625,0.0001725806505419314,196.77371883392334,0.0002255559666082263,2997,1763260207.4498417,0.011654268950223923,0.9479974508285522,,0.005838215351104736,,-0.011726915836334229,1096.0
0.17181803286075592,213888,0.095703125,0.00017173579544760287,198.04043626785278,3.139897307846695e-05,3011,1763260208.7165592,0.060821741819381714,0.9238757491111755,,0.029823722317814827,,-0.010833457112312317,1097.0
0.13295580446720123,217984,0.068359375,0.00016927803517319262,201.76069355010986,3.67314787581563e-05,3051,1763260212.4368165,0.01338423416018486,0.9529287815093994,,0.0044208066537976265,,-0.014929959550499916,1097.0
,218227,,,201.91193509101868,,3053,1763260212.588058,,,500.0,,500.0,,
0.2370360940694809,219520,0.12890625,0.00016835637507028878,203.11987686157227,5.014143425796647e-06,3066,1763260213.7959998,0.07924330234527588,0.9882628917694092,,0.04260953515768051,,-0.07380618155002594,1097.0
0.17909954488277435,219904,0.103515625,0.00016812596004456282,203.4544277191162,0.000347924476955086,3070,1763260214.1305506,0.002693440765142441,0.8164980411529541,,0.03383750841021538,,-0.02534324675798416,1097.0
,221227,,,204.55688881874084,,3083,1763260215.2330117,,,500.0,,500.0,,
,222727,,,205.84630250930786,,3098,1763260216.5224254,,,500.0,,500.0,,
,225727,,,208.1962113380432,,3127,1763260218.8723342,,,500.0,,500.0,,
0.20548850297927856,225920,0.103515625,0.00016451612464152277,208.3948757648468,0.00010684038716135547,3129,1763260219.0709987,-0.038382019847631454,0.9961431622505188,,0.045018263161182404,,-0.022100429981946945,1100.0
0.22764034569263458,227200,0.06640625,0.00016374807455576956,209.39245510101318,0.001838984084315598,3141,1763260220.068578,-0.02363440953195095,0.9988338947296143,,0.03931058570742607,,0.029533766210079193,1101.0
0.24983541667461395,227712,0.0,0.00016344085452146828,209.8384885787964,0.0012369317701086402,3146,1763260220.5146115,0.0017906874418258667,0.998967707157135,,0.00019862130284309387,,-2.8537586331367493e-05,1101.0
0.16147848963737488,230144,0.09765625,0.00016198157391045243,211.76209330558777,0.001805054722353816,3170,1763260222.4382162,0.1207730770111084,0.9963576197624207,,0.059890858829021454,,-0.053803451359272,1102.0
0.24209439754486084,231424,0.013671875,0.00016121352382469922,212.89999747276306,9.980885806726292e-05,3183,1763260223.5761204,-0.008714556694030762,0.998836874961853,,0.001797867938876152,,0.0011284351348876953,1102.0
0.23378363251686096,231936,0.025390625,0.00016090630379039794,213.38061332702637,0.00010172011388931423,3188,1763260224.0567362,0.029967468231916428,0.9983392953872681,,0.008930777199566364,,-0.044070638716220856,1102.0
0.156722754240036,234880,0.080078125,0.00015913978859316558,215.72295451164246,8.069375326158479e-05,3217,1763260226.3990774,-0.0037825386971235275,0.9942663311958313,,0.0062652938067913055,,-0.007932242006063461,1104.0
0.2917037010192871,235648,0.1171875,0.00015867895854171365,216.34477710723877,0.0008414308540523052,3224,1763260227.0209,0.015214827843010426,0.9785563349723816,,0.05038617178797722,,-0.07454448938369751,1104.0
0.27991077303886414,237952,0.16796875,0.0001572964683873579,218.20220637321472,0.0002542029833421111,3247,1763260228.8783293,0.18490411341190338,0.9987212419509888,,0.06538592278957367,,-0.08003050088882446,1106.0
,238227,,,218.4739089012146,,3250,1763260229.1500318,,,500.0,,500.0,,
,238727,,,218.85581803321838,,3255,1763260229.531941,,,500.0,,500.0,,
,239227,,,219.19700622558594,,3259,1763260229.8731291,,,500.0,,500.0,,
0.2792985439300537,240512,0.123046875,0.00015576036821585149,220.2992124557495,0.00016739798593334854,3272,1763260230.9753354,0.09214681386947632,0.9983431100845337,,0.02326570451259613,,-0.06872808933258057,1107.0
0.2419765591621399,240768,0.10546875,0.00015560675819870085,220.5638120174408,0.005710160825401545,3275,1763260231.239935,0.05105680972337723,0.23007577657699585,,0.07110076397657394,,-0.04921961948275566,1107.0
0.14673535525798798,240896,0.03515625,0.00015552995319012552,220.67543935775757,1.0600304449326359e-05,3276,1763260231.3515623,-0.014480732381343842,0.9988043308258057,,0.004692187532782555,,0.023458771407604218,1107.0
0.17668166756629944,242944,0.001953125,0.0001543010730529204,222.34148287773132,5.380467337090522e-05,3296,1763260233.0176058,0.004771329462528229,0.996067225933075,,0.001846788451075554,,-0.008415859192609787,1107.0
,247227,,,226.02036833763123,,3338,1763260236.6964912,,,500.0,,500.0,,
0.1636165827512741,248576,0.05078125,0.0001509216526756063,227.2078673839569,0.00026371906278654933,3351,1763260237.8839903,0.03750517964363098,0.9993350505828857,,0.00967460311949253,,-0.030206117779016495,1109.0
0.18388774991035461,249216,0.12890625,0.0001505376276327297,227.76581239700317,0.002567604184150696,3357,1763260238.4419353,0.02275346778333187,0.998947024345398,,0.03939104452729225,,0.012157978489995003,1109.0
0.24106863141059875,249472,0.1484375,0.00015038401761557907,228.03385186195374,0.0002362700179219246,3360,1763260238.7099748,0.08634498715400696,0.997783899307251,,0.03328751400113106,,-0.05522620677947998,1108.0
0.21675480902194977,253312,0.01953125,0.0001480798819102347,231.32479119300842,0.005133467726409435,3398,1763260242.000914,-0.000888090580701828,0.1758142113685608,,0.002106133848428726,,-0.0012415461242198944,1109.0
0.15856102108955383,253696,0.1484375,0.00014784946688450873,231.62527060508728,0.002808771561831236,3401,1763260242.3013935,-0.019145073369145393,0.9927240014076233,,0.030006490647792816,,-0.05227482318878174,1110.0
0.3154289722442627,254208,0.1484375,0.00014754224685020745,232.092426776886,0.004795360844582319,3406,1763260242.7685497,0.047784723341464996,0.9990237951278687,,0.07195565849542618,,-0.02203698456287384,1109.0
0.24379879236221313,255488,0.0,0.00014677419676445425,233.2041471004486,0.00014377823390532285,3419,1763260243.88027,0.004899492487311363,0.9990314841270447,,0.0005283933132886887,,-0.0005144849419593811,1110.0
,256227,,,233.78003406524658,,3426,1763260244.456157,,,500.0,,500.0,,
0.23994840681552887,256384,0.14453125,0.000146236561704427,233.95173478126526,3.936784924007952e-05,3428,1763260244.6278577,0.02475723996758461,0.9982904195785522,,0.005268211476504803,,-0.045883189886808395,1110.0
0.1833839863538742,257152,0.125,0.00014577573165297508,234.63906025886536,0.0006942839827388525,3435,1763260245.3151832,0.06750528514385223,0.9983625411987305,,0.027356253936886787,,-0.0385807529091835,1110.0
0.13465148210525513,258688,0.09765625,0.00014485407155007124,235.8520963191986,0.00040640379302203655,3450,1763260246.5282192,-0.02718384563922882,0.9969772696495056,,0.019438428804278374,,0.01068102940917015,1111.0
,258727,,,235.86882829666138,,3451,1763260246.5449512,,,500.0,,500.0,,
0.1761331558227539,259840,0.005859375,0.00014416282647289336,236.8317379951477,125.45695495605469,3462,1763260247.507861,0.001380348578095436,0.22287553548812866,,0.0038470765575766563,,-0.0036301743239164352,1111.0
0.2692086100578308,261248,0.056640625,0.00014331797137856483,238.09810280799866,0.003249396337196231,3476,1763260248.7742257,0.014061644673347473,0.22306835651397705,,0.023210667073726654,,-0.0320102833211422,1111.0
0.14506132900714874,261632,0.00390625,0.00014308755635283887,238.4628312587738,0.0006574668805114925,3479,1763260249.1389542,0.005971906706690788,0.9992371797561646,,0.0006105285137891769,,-0.014952324330806732,1111.0
0.14086119830608368,263552,0.1744791716337204,0.00014193548122420907,240.1681125164032,0.0006517275469377637,3498,1763260250.8442354,0.20721858739852905,0.9952547550201416,,0.12972615659236908,,-0.07825840264558792,1111.0
0.2529965937137604,264064,0.0833333358168602,0.0001416282611899078,240.60016012191772,0.0003075726854149252,3503,1763260251.276283,0.012813495472073555,0.9954496622085571,,0.03977857530117035,,-0.07056709378957748,1111.0
0.24402862787246704,265088,0.109375,0.00014101382112130523,241.43775248527527,0.0004758516151923686,3513,1763260252.1138754,0.02594243548810482,0.9986729025840759,,0.03255181759595871,,-0.07235874235630035,1112.0
0.1879933774471283,266240,0.0859375,0.00014032257604412735,242.37524509429932,0.004388233181089163,3525,1763260253.051368,0.07338345050811768,0.05818748474121094,,0.052905917167663574,,-0.057516761124134064,1112.0
0.2047724574804306,267520,0.015625,0.00013955452595837414,243.61072063446045,4.277819243725389e-05,3537,1763260254.2868435,-0.007166773080825806,0.9990071654319763,,0.00034940242767333984,,0.002979222685098648,1112.0
,269227,,,245.00191378593445,,3554,1763260255.6780367,,,500.0,,500.0,,
0.16867408156394958,269312,0.083984375,0.00013847925583831966,245.09757828712463,0.004077618010342121,3555,1763260255.7737012,0.1320888102054596,0.120918869972229,,0.07571324706077576,,-0.03898247703909874,1112.0
0.15146441757678986,271488,0.0,0.00013717358524445444,247.00693535804749,3.298780939076096e-05,3576,1763260257.6830583,0.0025526992976665497,0.9988647103309631,,9.606406092643738e-05,,-0.0049345120787620544,1112.0
,271727,,,247.15732622146606,,3578,1763260257.8334491,,,500.0,,500.0,,
0.16595271229743958,272000,0.0625,0.00013686636521015316,247.4367265701294,6.090758688515052e-05,3581,1763260258.1128495,0.050972748547792435,0.9985730051994324,,0.024849772453308105,,-0.048154279589653015,1113.0
0.15710675716400146,272768,0.048828125,0.00013640553515870124,248.1637167930603,0.009507576003670692,3589,1763260258.8398397,-0.027293356135487556,0.27198517322540283,,0.01406843587756157,,0.0031697675585746765,1112.0
,275227,,,250.30917143821716,,3613,1763260260.9852943,,,500.0,,500.0,,
0.19215844571590424,276224,0.056640625,0.0001343317999271676,251.1990396976471,0.0012012871447950602,3622,1763260261.8751626,-0.010467668995261192,0.9987953901290894,,0.003220483660697937,,-0.0016349256038665771,1113.0
0.19379335641860962,278016,0.052734375,0.0001332565298071131,252.78721928596497,3.6707519029732794e-05,3640,1763260263.4633422,0.01952430233359337,0.9990585446357727,,0.00765411090105772,,-0.04237348213791847,1113.0
0.20715968310832977,279680,0.09765625,0.00013225806469563395,254.23367643356323,0.000936646421905607,3656,1763260264.9097993,-0.01790495589375496,0.9993871450424194,,0.11739527434110641,,-0.045540958642959595,1113.0
0.2275579571723938,280960,0.033203125,0.00013149001460988075,255.38091039657593,3.339131944812834e-05,3669,1763260266.0570333,-0.006387241184711456,0.9991916418075562,,0.005516098812222481,,-0.008459001779556274,1113.0
0.23083792626857758,281984,0.0859375,0.00013087557454127818,256.2519030570984,0.00029712278046645224,3679,1763260266.928026,0.12279799580574036,0.9944433569908142,,0.03166805952787399,,-0.07784415781497955,1113.0
0.1777433156967163,282368,0.107421875,0.00013064515951555222,256.5388853549957,0.00020120682893320918,3683,1763260267.2150083,0.10251052677631378,0.9929021000862122,,0.028046201914548874,,-0.06412401795387268,1114.0
0.16824015974998474,282496,0.0859375,0.0001305683545069769,256.6491599082947,0.00014921532419975847,3684,1763260267.3252828,0.11420350521802902,0.9920490384101868,,0.05094212293624878,,-0.06487563252449036,1114.0
,285227,,,258.9715187549591,,3711,1763260269.6476417,,,500.0,,500.0,,
0.14640112221240997,285440,0.046875,0.00012880183930974454,259.1803152561188,0.00031293072970584035,3713,1763260269.8564382,-0.05289362370967865,0.9961682558059692,,0.007995795458555222,,0.035145848989486694,1114.0
0.20530760288238525,285696,0.1067708358168602,0.0001286482292925939,259.4225974082947,0.0003393864317331463,3715,1763260270.0987203,0.027263235300779343,0.9969886541366577,,0.043586112558841705,,-0.023529645055532455,1114.0
0.19218187034130096,287232,0.0989583358168602,0.00012772656918969005,260.6794240474701,0.0055676912888884544,3731,1763260271.355547,0.05625469237565994,0.2774888873100281,,0.0423237606883049,,-0.0763472467660904,1115.0
0.24460455775260925,287616,0.04296875,0.0001274961541639641,261.0118975639343,0.000341400591423735,3734,1763260271.6880205,0.027481025084853172,0.9991386532783508,,0.010150853544473648,,-0.02239028364419937,1115.0
,289727,,,262.8024671077728,,3755,1763260273.47859,,,500.0,,500.0,,
,291727,,,264.6077013015747,,3775,1763260275.2838242,,,500.0,,500.0,,
0.26297643780708313,292224,0.109375,0.0001247311884071678,264.9701974391937,0.011266278102993965,3779,1763260275.6463203,0.10986320674419403,0.995794415473938,,0.04429681599140167,,-0.09576202929019928,1115.0
,294727,,,267.04437470436096,,3804,1763260277.7204976,,,500.0,,500.0,,
0.1915157437324524,295040,0.0234375,0.00012304147821851075,267.351026058197,0.00010049485717900097,3807,1763260278.027149,0.00323677621781826,0.999485433101654,,0.0013499893248081207,,-0.010873861610889435,1116.0
0.17030994594097137,299136,0.140625,0.0001205837179441005,270.97318720817566,0.000848558556754142,3847,1763260281.64931,0.2545573115348816,0.9872730374336243,,0.11481627821922302,,-0.07416354864835739,1116.0
0.18071871995925903,302336,0.001953125,0.00011866359272971749,273.7515060901642,0.007792297750711441,3879,1763260284.427629,-0.005796743556857109,0.08598244190216064,,0.0009055342525243759,,-0.003553774207830429,1116.0
,302727,,,274.1233904361725,,3883,1763260284.7995133,,,500.0,,500.0,,
0.18089985847473145,302848,0.087890625,0.00011835637269541621,274.2322459220886,0.0036855386570096016,3884,1763260284.9083688,-0.012908793054521084,0.08684760332107544,,0.005337669514119625,,0.012417018413543701,1116.0
,303227,,,274.49554991722107,,3887,1763260285.1716728,,,500.0,,500.0,,
0.1513572335243225,303616,0.0,0.00011789554264396429,274.88380122184753,0.0004864860966335982,3891,1763260285.5599241,-0.002017785795032978,0.9989806413650513,,2.7635134756565094e-05,,0.003161562606692314,1117.0
0.132334902882576,304256,0.0078125,0.00011751151760108769,275.44814562797546,0.026181062683463097,3898,1763260286.1242685,-0.002746284008026123,0.3479268550872803,,0.0016313530504703522,,-0.025844242423772812,1117.0
,305727,,,276.73615407943726,,3912,1763260287.412277,,,500.0,,500.0,,
0.15999558568000793,306048,0.0078125,0.00011643625475699082,277.0761618614197,0.00015156654990278184,3915,1763260287.7522848,0.001642824150621891,0.9994443655014038,,0.0025907615199685097,,-0.002459682524204254,1116.0
0.17951056361198425,307328,0.0859375,0.00011566820467123762,278.1519865989685,0.0020629691425710917,3928,1763260288.8281095,0.08906987309455872,0.13092726469039917,,0.07103410363197327,,-0.03279070183634758,1117.0
0.21982693672180176,308992,0.1041666641831398,0.00011466973955975845,279.60591173171997,0.0010819801827892661,3944,1763260290.2820346,-0.04086018353700638,0.995041012763977,,0.07485520094633102,,-0.06352753937244415,1117.0
0.2518913447856903,309120,0.1276041716337204,0.00011459293455118313,279.7027566432953,0.003712862264364958,3945,1763260290.3788795,0.11308060586452484,0.9951512217521667,,0.06992228329181671,,-0.08686256408691406,1117.0
,309227,,,279.7403106689453,,3946,1763260290.4164336,,,500.0,,500.0,,
0.1536255180835724,310016,0.126953125,0.00011405529949115589,280.5050823688507,0.00010826568177435547,3954,1763260291.1812053,0.03840489313006401,0.9965143203735352,,0.0807393416762352,,-0.07741333544254303,1117.0
0.15491245687007904,310912,0.064453125,0.00011351766443112865,281.30974817276,9.265210974263027e-05,3963,1763260291.985871,0.04315754026174545,0.9985954761505127,,0.018656600266695023,,-0.035383373498916626,1117.0
0.15096154808998108,311552,0.0703125,0.00011313363938825205,281.8533296585083,0.0002129292261088267,3969,1763260292.5294526,0.006785079836845398,0.9993172287940979,,0.009411920793354511,,-0.01935797557234764,1117.0
,312727,,,282.89345479011536,,3981,1763260293.5695777,,,500.0,,500.0,,
0.11216849088668823,312960,0.009765625,0.00011228878429392353,283.10800075531006,6.97396244504489e-05,3983,1763260293.7841237,0.006173491477966309,0.9991078972816467,,0.0016775541007518768,,-0.01253604143857956,1117.0
0.21111424267292023,314368,0.001953125,0.000111443929199595,284.30578351020813,0.00030575692653656006,3997,1763260294.9819064,0.010632531717419624,0.9984055757522583,,0.0017380528151988983,,0.0001878943294286728,1117.0
,320727,,,289.8896396160126,,4059,1763260300.5657625,,,500.0,,500.0,,
0.18827398121356964,323584,0.0885416641831398,0.00010591397585812956,292.415385723114,0.001413865713402629,4087,1763260303.0915086,-0.06474585831165314,0.9872075915336609,,0.10396881401538849,,-0.04298406094312668,1118.0
0.18022330105304718,323968,0.0963541641831398,0.0001056835608324036,292.74392104148865,0.0003028603096026927,4091,1763260303.420044,0.00021479465067386627,0.9848572015762329,,0.036425020545721054,,-0.05628637969493866,1118.0
0.11925826966762543,325376,0.00390625,0.00010483871301403269,293.97859239578247,2.1407455278676935e-05,4105,1763260304.6547153,-0.004785642027854919,0.9984616041183472,,8.218921720981598e-05,,0.003230482339859009,1118.0
0.15059250593185425,325760,0.109375,0.00010460829798830673,294.31506967544556,0.0060633826069533825,4109,1763260304.9911926,0.009864211082458496,0.01947188377380371,,0.027212081477046013,,-0.02158161997795105,1118.0
0.193648099899292,326400,0.095703125,0.00010422427294543013,294.8664381504059,6.498352740891278e-05,4115,1763260305.542561,-0.06244829297065735,0.9988580346107483,,0.03671875596046448,,-0.03189487010240555,1118.0
0.18625260889530182,326784,0.046875,0.00010399385791970417,295.20394372940063,0.0017554685473442078,4119,1763260305.8800666,0.0043510980904102325,0.39760321378707886,,0.0007234923541545868,,0.015592982992529869,1118.0
0.1428641676902771,329984,0.0625,0.00010207373270532116,298.0551383495331,0.00011826034460682422,4150,1763260308.7312613,0.012054716236889362,0.9989602565765381,,0.015378559939563274,,-0.03549841046333313,1118.0
0.21469983458518982,331776,0.052734375,0.00010099846258526668,299.64971256256104,0.0025278476532548666,4168,1763260310.3258355,0.042567819356918335,0.24855917692184448,,0.010325335897505283,,-0.022750716656446457,1118.0
0.10958857834339142,333440,0.060546875,9.999999747378752e-05,301.16940116882324,0.00011826954141724855,4184,1763260311.845524,-0.0006581908091902733,0.9990229606628418,,0.008072254247963428,,0.001722339540719986,1118.0
0.10731317847967148,334464,0.091796875,9.938555740518495e-05,302.0870957374573,8.367943519260734e-05,4194,1763260312.7632186,0.06515295803546906,0.9983868598937988,,0.03857049345970154,,-0.03656931221485138,1118.0
0.10679535567760468,334976,0.00390625,9.907834464684129e-05,302.50130677223206,0.00012683658860623837,4199,1763260313.1774297,0.0018300320953130722,0.9995728135108948,,0.002303963527083397,,-0.025581419467926025,1118.0
0.11854025721549988,337536,0.001953125,9.754224447533488e-05,304.88245844841003,8.717917808098719e-05,4224,1763260315.5585814,0.0029761027544736862,0.9993581175804138,,0.0002591237425804138,,-0.007632363587617874,1118.0
0.160726860165596,338048,0.0078125,9.72350244410336e-05,305.3673138618469,0.00013399848830886185,4229,1763260316.0434368,0.004375044256448746,0.9993477463722229,,0.0017710551619529724,,0.0017709769308567047,1118.0
0.14941173791885376,339456,0.056640625,9.639016934670508e-05,306.5739004611969,0.00023318683088291436,4243,1763260317.2500234,-0.0034929895773530006,0.9948223233222961,,0.013822044245898724,,-0.03543830290436745,1118.0
,339727,,,306.7555937767029,,4246,1763260317.4317167,,,500.0,,500.0,,
0.14892606437206268,340352,0.044921875,9.585253428667784e-05,307.33502888679504,0.0014629940269514918,4252,1763260318.0111518,0.01854998990893364,0.06058424711227417,,0.0049440860748291016,,-0.036222223192453384,1118.0
0.16936802864074707,340608,0.109375,9.56989242695272e-05,307.5579996109009,0.000461854157038033,4254,1763260318.2341225,0.07747532427310944,0.9969106912612915,,0.08315029740333557,,-0.03550826758146286,1118.0
0.2882366180419922,342528,0.1328125,9.45468491408974e-05,309.18064975738525,3.488378206384368e-05,4273,1763260319.8567727,-0.012737257406115532,0.8196913003921509,,0.03400864452123642,,-0.01736827939748764,1118.0
0.12691394984722137,342784,0.0,9.439323912374675e-05,309.44312143325806,151.32081604003906,4276,1763260320.1192443,0.0001870710402727127,0.0016463398933410645,,3.545917570590973e-05,,2.6628375053405762e-05,1118.0
0.17114928364753723,342912,0.0625,9.431643411517143e-05,309.5546851158142,0.0009536514990031719,4277,1763260320.230808,0.012322967872023582,0.8950710296630859,,0.012081783264875412,,-0.0009387955069541931,1118.0
0.2648923695087433,343040,0.154296875,9.423962910659611e-05,309.6636326313019,7.766074122628197e-05,4278,1763260320.3397555,0.07668435573577881,0.7864500284194946,,0.06107153743505478,,-0.004291892051696777,1118.0
,344227,,,310.71408438682556,,4290,1763260321.3902073,,,500.0,,500.0,,
0.14563706517219543,344448,0.07421875,9.339477401226759e-05,310.92094135284424,0.00020840094657614827,4292,1763260321.5970643,0.04629281908273697,0.9574285745620728,,0.016789350658655167,,-0.01596035063266754,1118.0
,346727,,,312.9124565124512,,4314,1763260323.5885794,,,500.0,,500.0,,
0.14689992368221283,347136,0.1484375,9.178187610814348e-05,313.31805062294006,0.0002249040553579107,4318,1763260323.9941735,-0.046927645802497864,0.9769676327705383,,0.006771352142095566,,-0.002545105293393135,1118.0
0.13347990810871124,349952,0.0234375,9.009216591948643e-05,315.8837375640869,0.0005379777867347002,4346,1763260326.5598605,-0.019874215126037598,0.9993129968643188,,0.006310014054179192,,0.0295310877263546,1118.0
0.1767493635416031,352000,0.00390625,8.886328578228131e-05,317.7018313407898,0.0001562787074362859,4366,1763260328.3779542,0.0005202405154705048,0.9996575117111206,,0.0005440078675746918,,-0.004065915942192078,1118.0
0.20543117821216583,352640,0.126953125,8.847926073940471e-05,318.2904770374298,0.0007161136018112302,4372,1763260328.9666,-0.0011417735368013382,0.999237060546875,,0.03915276750922203,,0.019104525446891785,1118.0
,353227,,,318.746009349823,,4378,1763260329.4221323,,,500.0,,500.0,,
0.1358342319726944,354176,0.1119791641831398,8.755760063650087e-05,319.6156463623047,0.0037184434477239847,4387,1763260330.2917693,0.1574690192937851,0.9947258234024048,,0.06546316295862198,,-0.06496741622686386,1118.0
0.1246446967124939,355072,0.052734375,8.701997285243124e-05,320.41122937202454,0.00028796077822335064,4396,1763260331.0873523,-0.0575401671230793,0.9996116161346436,,0.01856248453259468,,0.04594286531209946,1118.0
0.19119377434253693,356992,0.08203125,8.586789772380143e-05,322.1594727039337,0.0009226796682924032,4415,1763260332.8355956,-0.022058092057704926,0.996151328086853,,0.06279357522726059,,-0.04167788848280907,1118.0
0.21098345518112183,361216,0.1197916641831398,8.333333244081587e-05,325.85338497161865,0.0010312070371583104,4456,1763260336.5295079,0.09502875804901123,0.9976358413696289,,0.041850004345178604,,-0.06459607183933258,1119.0
0.1934255212545395,363392,0.0,8.202764729503542e-05,327.795716047287,6.959895836189389e-05,4478,1763260338.471839,-0.0005675395950675011,0.9993131160736084,,5.426909774541855e-05,,0.002445220947265625,1119.0
0.13962572813034058,363648,0.111328125,8.187403727788478e-05,328.0177171230316,0.00036757957423105836,4480,1763260338.69384,0.0761738121509552,0.9994511604309082,,0.025266792625188828,,-0.043211862444877625,1119.0
0.2388744354248047,364800,0.091796875,8.11827922007069e-05,329.04658818244934,0.0008216415299102664,4492,1763260339.722711,0.12236563116312027,0.37793177366256714,,0.028341807425022125,,-0.03718603774905205,1119.0
0.09279562532901764,365440,0.033203125,8.079877443378791e-05,329.6391921043396,0.00013225956354290247,4498,1763260340.315315,0.0005723023787140846,0.9994648694992065,,0.006825200282037258,,0.01982884481549263,1119.0
,367727,,,331.64788579940796,,4520,1763260342.3240087,,,500.0,,500.0,,
0.21244506537914276,367872,0.0234375,7.933947927085683e-05,331.83481907844543,0.00011416197958169505,4522,1763260342.510942,0.02864176034927368,0.9974352717399597,,0.0052536772564053535,,-0.034981630742549896,1118.0
0.22645516693592072,368128,0.140625,7.918586925370619e-05,332.0400824546814,0.0015513794496655464,4524,1763260342.7162054,0.0351995974779129,0.9915624260902405,,0.0445978082716465,,-0.06248292326927185,1119.0
,368227,,,332.074684381485,,4525,1763260342.7508073,,,500.0,,500.0,,
0.12154500931501389,368384,0.03515625,7.903225923655555e-05,332.2476453781128,6.859559653094038e-05,4527,1763260342.9237683,-0.0016472963616251945,0.9970230460166931,,0.0016931621357798576,,-0.014117233455181122,1119.0
0.1922890692949295,368768,0.017578125,7.880184421082959e-05,332.6163601875305,0.0009892438538372517,4531,1763260343.292483,-0.014258627779781818,0.0678023099899292,,0.0027973586693406105,,-0.0035582520067691803,1119.0
0.10812154412269592,369024,0.05078125,7.864823419367895e-05,332.8455972671509,9.26198554225266e-05,4533,1763260343.5217202,-0.009775669313967228,0.9974551796913147,,0.01715311035513878,,-0.024255068972706795,1119.0
0.08971365541219711,369152,0.046875,7.857142918510363e-05,332.9560799598694,0.0003141023335047066,4534,1763260343.6322029,0.04865474998950958,0.9958713054656982,,0.012648092582821846,,-0.03353920206427574,1119.0
,371227,,,334.7877082824707,,4555,1763260345.4638312,,,500.0,,500.0,,
0.19789336621761322,371968,0.0,7.688171899644658e-05,335.4551703929901,0.0002745477540884167,4562,1763260346.1312933,0.003662528470158577,0.9974892735481262,,0.00011936388909816742,,-0.0008763596415519714,1119.0
0.16781677305698395,373376,0.0859375,7.603686390211806e-05,336.69649481773376,3.147504321532324e-05,4576,1763260347.3726177,0.04328259453177452,0.9979466795921326,,0.011495590209960938,,-0.04821629077196121,1119.0
0.1499900221824646,377216,0.01953125,7.373272092081606e-05,340.05567169189453,0.0008526402525603771,4613,1763260350.7317946,0.013507958501577377,0.99894779920578,,0.005856866016983986,,-0.013969160616397858,1119.0
0.17095842957496643,378496,0.091796875,7.296467083506286e-05,341.17143988609314,0.0003247878048568964,4626,1763260351.8475628,-0.009073261171579361,0.9989152550697327,,0.045270100235939026,,0.04802625626325607,1119.0
0.18181701004505157,379392,0.025390625,7.242703577503562e-05,341.9873960018158,0.0001870879204943776,4635,1763260352.663519,0.01534094475209713,0.9983989596366882,,0.003335045650601387,,-0.03526850789785385,1119.0
0.08128240704536438,380032,0.052734375,7.204301073215902e-05,342.52366185188293,0.00024668299010954797,4641,1763260353.1997848,0.04428526759147644,0.9989191889762878,,0.023141290992498398,,-0.042415864765644073,1119.0
0.18393833935260773,380288,0.087890625,7.188940071500838e-05,342.7741734981537,125.36514282226562,4644,1763260353.4502964,-0.0004343818873167038,0.25660741329193115,,0.0381702184677124,,0.0032948292791843414,1119.0
0.09709326922893524,382080,0.072265625,7.08141305949539e-05,344.3732240200043,0.0009709781152196229,4661,1763260355.049347,0.06486769765615463,0.9958636164665222,,0.031689852476119995,,-0.05673179775476456,1119.0
0.1291721612215042,383488,0.056640625,6.996927550062537e-05,345.6065032482147,0.00017620905418880284,4675,1763260356.2826262,0.023265449330210686,0.9995180368423462,,0.006487265229225159,,-0.024646006524562836,1119.0
0.15755094587802887,385152,0.0703125,6.897081766510382e-05,347.13131976127625,0.0005080649279989302,4691,1763260357.8074427,0.00700831413269043,0.9994015693664551,,0.005186140537261963,,-0.009082609787583351,1119.0
0.09289400279521942,386944,0.005859375,6.789554754504934e-05,348.7132194042206,6.236147601157427e-05,4709,1763260359.3893423,0.001852540299296379,0.9994530081748962,,0.002222912386059761,,-0.008163124322891235,1119.0
0.1895078420639038,387328,0.07421875,6.766513251932338e-05,349.07038927078247,0.0010268784826621413,4713,1763260359.7465122,0.017800167202949524,0.27283114194869995,,0.01427471823990345,,-0.018985401839017868,1119.0
0.21563301980495453,389888,0.0078125,6.612903234781697e-05,351.3697943687439,3.885612022713758e-05,4738,1763260362.0459173,0.009649623185396194,0.9990699887275696,,0.0038079451769590378,,-0.031009264290332794,1119.0
0.15830214321613312,390016,0.0,6.605222733924165e-05,351.48047828674316,9.786862938199192e-05,4739,1763260362.1566012,-0.0003001634031534195,0.9997185468673706,,0.0003665853291749954,,0.004633329808712006,1119.0
,390227,,,351.62210035324097,,4741,1763260362.2982233,,,500.0,,500.0,,
0.13627441227436066,390400,0.01953125,6.582181231351569e-05,351.81804943084717,4.1748433432076126e-05,4743,1763260362.4941723,0.00282929465174675,0.999372124671936,,0.003277936950325966,,-0.01536470651626587,1119.0
0.24676355719566345,393344,0.052734375,6.405529711628333e-05,354.4628310203552,0.0016377021092921495,4772,1763260365.138954,-0.0054716067388653755,0.33539098501205444,,0.012492778711020947,,-0.03166835755109787,1119.0
0.17524445056915283,394752,0.0,6.32104420219548e-05,355.723726272583,0.0033217454329133034,4786,1763260366.3998492,-0.008983243256807327,0.3488532304763794,,0.0008809603750705719,,0.0005732439458370209,1119.0
0.174701988697052,394880,0.02734375,6.313363701337948e-05,355.8324637413025,2.9617920517921448e-05,4787,1763260366.5085866,0.0014277566224336624,0.9990471601486206,,0.0056615956127643585,,-0.00790150836110115,1119.0
0.22219814360141754,395008,0.0,6.305683200480416e-05,355.9430658817291,0.00011015461495844647,4788,1763260366.6191888,-0.002156817354261875,0.9994939565658569,,0.0002538328990340233,,0.0012625455856323242,1119.0
0.15229405462741852,395776,0.0234375,6.259600922930986e-05,356.64289927482605,0.0015931258676573634,4796,1763260367.3190222,-0.02135573886334896,0.3980553150177002,,0.008411606773734093,,0.007793968543410301,1119.0
0.1498570442199707,396160,0.0,6.23655942035839e-05,356.97377038002014,0.0003993944264948368,4799,1763260367.6498933,-0.007221916690468788,0.9994051456451416,,0.0006546266376972198,,0.0070785656571388245,1119.0
0.24880877137184143,397184,0.09375,6.175115413498133e-05,357.8995666503906,0.0006355029763653874,4809,1763260368.5756896,-0.022578956559300423,0.9993651509284973,,0.02192704752087593,,-0.014089047908782959,1119.0
0.14534229040145874,397568,0.078125,6.152073910925537e-05,358.2331168651581,0.0002927120076492429,4813,1763260368.9092398,-0.012550140731036663,0.9994280934333801,,0.014339429326355457,,0.024852760136127472,1119.0
0.20614512264728546,401408,0.041015625,5.9216588851995766e-05,361.71264576911926,7.214054494397715e-05,4851,1763260372.3887687,0.06503520905971527,0.9994791746139526,,0.009215865284204483,,-0.049610868096351624,1119.0
,403727,,,363.79595828056335,,4874,1763260374.4720812,,,500.0,,500.0,,
0.2154303789138794,404224,0.078125,5.752688230131753e-05,364.23112750053406,0.001253660535439849,4878,1763260374.9072504,-0.008405396714806557,0.9994416236877441,,0.02872837893664837,,0.004907049238681793,1119.0
0.13611353933811188,404608,0.01171875,5.729646727559157e-05,364.5624620914459,0.00011203456233488396,4882,1763260375.238585,0.01433807983994484,0.9997149109840393,,0.003571603447198868,,-0.014375768601894379,1119.0
0.21111233532428741,408448,0.01171875,5.499232065631077e-05,368.02873396873474,6.703472172375768e-05,4920,1763260378.7048569,0.012255990877747536,0.9990564584732056,,0.0068562813103199005,,-0.036048322916030884,1119.0
,409727,,,369.1113600730896,,4932,1763260379.787483,,,500.0,,500.0,,
0.21008987724781036,409728,0.0,5.4224270570557564e-05,369.1851806640625,0.0010215477086603642,4933,1763260379.8613036,0.010720256716012955,0.2087664008140564,,0.0003940798342227936,,0.002192296087741852,1119.0
0.1835249662399292,410368,0.0234375,5.384024552768096e-05,369.7441418170929,1.2823336874134839e-05,4939,1763260380.4202647,0.01971672847867012,0.999440610408783,,0.003985946998000145,,-0.007684603333473206,1119.0
0.15827828645706177,411136,0.0,5.337941547622904e-05,370.44171380996704,0.0003003337769769132,4946,1763260381.1178367,0.006131554022431374,0.9995935559272766,,0.000647418200969696,,-0.001045476645231247,1119.0
0.13306467235088348,411776,0.0390625,5.299539043335244e-05,371.03086018562317,0.004354285541921854,4953,1763260381.706983,0.02092919684946537,0.30056631565093994,,0.008269165642559528,,-0.03147585690021515,1119.0
0.14219778776168823,412288,0.02734375,5.268817039905116e-05,371.4757647514343,0.0010865427320823073,4958,1763260382.1518877,0.011958989314734936,0.24596863985061646,,0.0015418017283082008,,-0.008653854951262474,1119.0
0.10528465360403061,412800,0.0,5.2380954002728686e-05,371.9209289550781,118.66381072998047,4963,1763260382.5970519,0.0003738217055797577,0.3848554491996765,,0.0005654040724039078,,0.0001300610601902008,1119.0
0.13537882268428802,413696,0.001953125,5.1843318942701444e-05,372.73278164863586,0.0005945240845903754,4971,1763260383.4089046,0.004350066184997559,0.9992980360984802,,0.000331684947013855,,-0.005258509889245033,1119.0
,413727,,,372.7469599246979,,4972,1763260383.4230828,,,500.0,,500.0,,
0.23260338604450226,414336,0.037109375,5.145929389982484e-05,373.3214282989502,0.0010942324297502637,4978,1763260383.9975512,0.0037147626280784607,0.2997613549232483,,0.004485756158828735,,-0.02109965682029724,1119.0
0.26657629013061523,414720,0.1119791641831398,5.122887887409888e-05,373.63718700408936,0.0023988368920981884,4981,1763260384.31331,0.06901568919420242,0.9958176016807556,,0.038629744201898575,,-0.08370111882686615,1119.0
0.17932286858558655,415488,0.00390625,5.076804882264696e-05,374.3389985561371,0.00011511516640894115,4989,1763260385.0151215,0.019082743674516678,0.99953693151474,,0.003220745362341404,,-0.042137257754802704,1119.0
0.15613026916980743,416000,0.013671875,5.046082878834568e-05,374.78369903564453,9.129003592533991e-05,4994,1763260385.459822,0.02385888248682022,0.999454915523529,,0.004985555075109005,,-0.034124329686164856,1119.0
0.16537530720233917,417408,0.017578125,4.961597369401716e-05,376.03700041770935,4.698890552390367e-05,5008,1763260386.7131233,0.0244472473859787,0.9994959235191345,,0.0038226181641221046,,-0.028185933828353882,1119.0
0.10305823385715485,417920,0.0,4.930875729769468e-05,376.5202751159668,4.977246862836182e-05,5013,1763260387.196398,0.0007291920483112335,0.9990637898445129,,1.3753771781921387e-05,,0.0010155662894248962,1119.0
0.26137810945510864,418176,0.109375,4.915514728054404e-05,376.76746010780334,0.0009242290398105979,5015,1763260387.443583,0.011062904261052608,0.9979574680328369,,0.04126260429620743,,-0.05094724893569946,1119.0
0.15022163093090057,420608,0.041015625,4.769585211761296e-05,378.92190766334534,0.0005339160561561584,5039,1763260389.5980306,0.007727843709290028,0.9989843368530273,,0.015565796755254269,,-0.03326495364308357,1119.0
0.10958325117826462,423808,0.001953125,4.577573054120876e-05,381.8247480392456,0.00136063271202147,5071,1763260392.500871,0.009750526398420334,0.4635862112045288,,0.0015074852854013443,,-0.012362513691186905,1118.0
0.23761406540870667,428544,0.01953125,4.293394886190072e-05,386.0767710208893,0.00020654410764109343,5117,1763260396.752894,0.01001347228884697,0.999347448348999,,0.002724267542362213,,-0.01747693121433258,1118.0
0.22229072451591492,429056,0.0234375,4.2626728827599436e-05,386.52179431915283,0.0001457640464650467,5122,1763260397.1979172,0.012397750280797482,0.9996436238288879,,0.005343222059309483,,-0.011383689939975739,1118.0
0.17924188077449799,429568,0.0,4.2319508793298155e-05,387.00081419944763,0.0001261259603779763,5127,1763260397.676937,-0.0012064166367053986,0.9996110200881958,,1.7240643501281738e-05,,0.0013035312294960022,1118.0
0.2374725043773651,429696,0.0,4.2242703784722835e-05,387.11189699172974,0.0005035200156271458,5128,1763260397.78802,0.0011115865781903267,0.9996557235717773,,0.0011727577075362206,,-0.002759329043328762,1118.0
0.1272253543138504,430848,0.03125,4.155145870754495e-05,388.14459681510925,0.0025348379276692867,5140,1763260398.8207197,0.03148943930864334,0.2674948573112488,,0.003240590915083885,,-0.012934891507029533,1118.0
0.16421468555927277,431488,0.0,4.116743366466835e-05,388.73075127601624,5.315554153639823e-05,5146,1763260399.4068742,-0.004651491530239582,0.9991545677185059,,0.0006369473412632942,,0.0028395093977451324,1118.0
0.12110424786806107,431872,0.0078125,4.093701863894239e-05,389.06531405448914,2.253649836347904e-05,5150,1763260399.741437,0.0006872238591313362,0.9991722106933594,,0.0006808387115597725,,0.0011308547109365463,1118.0
0.13479237258434296,432000,0.009765625,4.086021363036707e-05,389.175977230072,0.00020125909941270947,5151,1763260399.8521001,0.01118412148207426,0.9990155100822449,,0.0010070977732539177,,-0.02204202488064766,1118.0
,433227,,,390.24185371398926,,5163,1763260400.9179766,,,500.0,,500.0,,
0.06668149679899216,433408,0.0,4.0015362174017355e-05,390.437447309494,2.5552755687385798e-05,5165,1763260401.1135702,0.005838785320520401,0.9990540742874146,,0.0003188271075487137,,-0.010588869452476501,1118.0
0.1761048287153244,436608,0.001953125,3.809523695963435e-05,393.31935811042786,0.00040506297955289483,5196,1763260403.995481,-0.006201423704624176,0.9991095066070557,,0.0016754958778619766,,-0.005854986608028412,1118.0
,436727,,,393.3588855266571,,5197,1763260404.0350084,,,500.0,,500.0,,
0.20166398584842682,440832,0.013671875,3.556067531462759e-05,397.134033203125,0.0004665571905206889,5238,1763260407.810156,0.0013338634744286537,0.1478169560432434,,0.0014527412131428719,,-0.02563503012061119,1118.0
0.16849464178085327,440960,0.01171875,3.548387030605227e-05,397.24438762664795,7.807348447386175e-05,5239,1763260407.9205105,0.009155599400401115,0.9991265535354614,,0.004027307033538818,,-0.03375721350312233,1118.0
0.14630892872810364,441472,0.0,3.5176650271750987e-05,397.69262409210205,7.358408765867352e-05,5244,1763260408.368747,-5.863606929779053e-05,0.9992144703865051,,0.0006111916154623032,,-0.003352329134941101,1118.0
,442227,,,398.32422280311584,,5251,1763260409.0003457,,,500.0,,500.0,,
0.10761864483356476,442624,0.021484375,3.448540883255191e-05,398.7290222644806,0.0005496624507941306,5255,1763260409.4051452,-0.006553245708346367,0.9992270469665527,,0.002487432211637497,,0.0037962719798088074,1118.0
0.17976394295692444,442880,0.0,3.433179881540127e-05,398.95305013656616,2.3102980776457116e-05,5258,1763260409.629173,0.00456997100263834,0.9990260004997253,,0.00036579836159944534,,-0.009184211492538452,1118.0
0.1099223718047142,443776,0.0,3.379416375537403e-05,399.7668421268463,0.0014742061030119658,5267,1763260410.442965,0.003509892150759697,0.3471904397010803,,0.0005418118089437485,,0.0027504563331604004,1118.0
,445227,,,401.0420742034912,,5281,1763260411.718197,,,500.0,,500.0,,
,447227,,,402.8078947067261,,5300,1763260413.4840176,,,500.0,,500.0,,
0.16524270176887512,449408,0.001953125,3.0414747016038746e-05,404.8444700241089,1.1417639143473934e-05,5322,1763260415.520593,-0.011622883379459381,0.9994989633560181,,0.001077219843864441,,0.028247103095054626,1118.0
0.1643153578042984,450048,0.005859375,3.0030721973162144e-05,405.4308271408081,0.0001885997917270288,5328,1763260416.10695,-0.0015131160616874695,0.9990507364273071,,0.0035608652979135513,,-0.004790682345628738,1118.0
0.13137920200824738,453248,0.017578125,2.8110598577768542e-05,408.2805976867676,0.0055844224989414215,5360,1763260418.9567206,0.0244244746863842,0.14545273780822754,,0.001814868301153183,,-0.03290684521198273,1118.0
0.1529722958803177,453504,0.0,2.79569885606179e-05,408.5412940979004,4.935355536872521e-05,5362,1763260419.217417,-0.0042214179411530495,0.9994887113571167,,0.0010928483679890633,,0.003973674029111862,1118.0
,456227,,,410.9563388824463,,5389,1763260421.6324618,,,500.0,,500.0,,
0.309648334980011,460416,0.0,2.380952355451882e-05,414.76437640190125,3.435635153437033e-05,5430,1763260425.4404993,0.013660665601491928,0.9989963173866272,,0.0008369311690330505,,-0.014612497761845589,1118.0
0.14080648124217987,461440,0.0,2.319508530490566e-05,415.68351316452026,5.9394154959591106e-05,5440,1763260426.359636,0.0007223095744848251,0.9994062781333923,,5.676783621311188e-05,,-0.0031029824167490005,1118.0
0.113512322306633,461568,0.013671875,2.311828029633034e-05,415.8036277294159,0.00044885650277137756,5441,1763260426.4797506,0.010372797958552837,0.9986723065376282,,0.0027796318754553795,,-0.03464710712432861,1118.0
0.19449377059936523,461696,0.0390625,2.304147528775502e-05,415.914089679718,0.000978819909505546,5442,1763260426.5902126,-0.01442142203450203,0.9988946318626404,,0.008880001492798328,,-0.02585035003721714,1118.0
,461727,,,415.92598271369934,,5443,1763260426.6021056,,,500.0,,500.0,,
,462727,,,416.8396666049957,,5453,1763260427.5157895,,,500.0,,500.0,,
0.17987167835235596,462848,0.0,2.2350230210577138e-05,416.94892621040344,0.00045038043754175305,5454,1763260427.625049,-0.0071776676923036575,0.2251231074333191,,0.00040008313953876495,,0.0017861882224678993,1118.0
0.11166749894618988,464512,0.0,2.1351766918087378e-05,418.48237466812134,0.00013117410708218813,5470,1763260429.1584976,0.0045640729367733,0.9993297457695007,,0.0008327625691890717,,-0.014546886086463928,1118.0
0.09009147435426712,466944,0.0,1.9892473574145697e-05,420.65936732292175,3.530554749886505e-05,5494,1763260431.3354902,-0.0010573025792837143,0.999458372592926,,1.1466443538665771e-05,,0.0010445276275277138,1118.0
0.13284659385681152,468480,0.0,1.8970813471241854e-05,422.06099557876587,8.037193038035184e-05,5509,1763260432.7371185,0.0011266032233834267,0.9995425939559937,,0.0005505075678229332,,-0.007340379059314728,1118.0
0.1990075707435608,469376,0.0,1.8433180230204016e-05,422.8386619091034,1.663513103267178e-05,5518,1763260433.5147848,-0.0018124794587492943,0.9988201260566711,,0.00035510119050741196,,0.001189839094877243,1118.0
0.28818634152412415,470400,0.0,1.7818740161601454e-05,423.75662183761597,2.9930190066806972e-05,5528,1763260434.4327447,0.0019242819398641586,0.9988256096839905,,3.6407262086868286e-05,,0.0001327209174633026,1118.0
0.16767515242099762,470528,0.0,1.7741935153026134e-05,423.86603260040283,0.00014665575872641057,5529,1763260434.5421555,-0.0027607511729002,0.9989185333251953,,6.175599992275238e-05,,0.0017759408801794052,1118.0
,470727,,,424.0034592151642,,5531,1763260434.679582,,,500.0,,500.0,,
0.2067255973815918,473472,0.0,1.5975421774783172e-05,426.5413064956665,6.019366628606804e-05,5558,1763260437.2174294,0.0012947851791977882,0.9992865920066833,,0.00010612886399030685,,-0.005047313868999481,1118.0
0.15289226174354553,473728,0.0,1.582181175763253e-05,426.76485538482666,0.0030336538329720497,5561,1763260437.4409783,-0.0005434704944491386,0.07362008094787598,,3.880821168422699e-06,,0.0006676539778709412,1118.0
0.20130710303783417,474752,0.0,1.5207373508019373e-05,427.68932151794434,0.0027564596384763718,5571,1763260438.3654444,0.0008446983993053436,0.1987529993057251,,0.0001437310129404068,,-0.003484673798084259,1118.0
0.1249425858259201,475904,0.0,1.4516129340336192e-05,428.72098875045776,2.4189092073356733e-05,5582,1763260439.3971117,4.624947905540466e-05,0.9995675683021545,,4.285946488380432e-06,,0.0001142844557762146,1118.0
0.11723129451274872,476416,0.0,1.4208909306034911e-05,429.165949344635,3.519350866554305e-05,5587,1763260439.8420722,0.002299574203789234,0.9995588064193726,,4.9262307584285736e-05,,-0.0031226985156536102,1118.0
0.2580847144126892,476800,0.005859375,1.397849428030895e-05,429.5370099544525,116.69881439208984,5591,1763260440.2131329,0.015497840940952301,0.41555726528167725,,0.0031317956745624542,,0.0022412557154893875,1118.0
,477727,,,430.3592736721039,,5600,1763260441.0353966,,,500.0,,500.0,,
0.1823667287826538,480512,0.0,1.1751151760108769e-05,432.8679316043854,0.00011572433868423104,5627,1763260443.5440545,-0.0004385337233543396,0.9994408488273621,,0.00012253224849700928,,-0.0012881159782409668,1118.0
,480727,,,433.0096507072449,,5629,1763260443.6857736,,,500.0,,500.0,,
0.20966221392154694,482048,0.0,1.082949347619433e-05,434.23927116394043,0.0002279727632412687,5642,1763260444.915394,-0.0002160836011171341,0.9994735717773438,,1.710839569568634e-05,,-0.0005789399147033691,1118.0
0.2069857120513916,483072,0.0,1.0215053407591768e-05,435.1615972518921,0.00029743253253400326,5652,1763260445.8377202,0.005624650977551937,0.9994378089904785,,0.0004525883123278618,,-0.013335444033145905,1117.0
0.09803418070077896,485376,0.0,8.832565072225407e-06,437.23458337783813,1.629558755666949e-05,5675,1763260447.9107063,0.008917802013456821,0.9993941187858582,,0.00040316488593816757,,-0.012291841208934784,1117.0
0.15042346715927124,486272,0.0,8.294930921692867e-06,438.04858231544495,119.23770141601562,5684,1763260448.7247052,-0.0019000200554728508,0.33490830659866333,,4.625972360372543e-05,,-0.00037896446883678436,1117.0
0.19020207226276398,486912,0.0,7.910905878816266e-06,438.6035234928131,3.667225973913446e-05,5690,1763260449.2796464,-0.000232672318816185,0.9990068078041077,,6.332993507385254e-07,,0.0003210287541151047,1117.0
0.20332251489162445,488576,0.0,6.912442586326506e-06,440.1166582107544,0.00021477253176271915,5706,1763260450.792781,-0.0013645505532622337,0.9992703199386597,,7.120799273252487e-05,,0.0016171112656593323,1117.0
0.09389796108007431,493952,0.0,3.686635864141863e-06,444.9333117008209,4.783584154210985e-05,5759,1763260455.6094346,0.0005666390061378479,0.9994540810585022,,6.662681698799133e-06,,-0.0013509579002857208,1117.0
0.11426613479852676,494592,0.0,3.3026112760126125e-06,445.52453780174255,0.00017062162805814296,5765,1763260456.2006607,0.00018323678523302078,0.9993560910224915,,6.441958248615265e-06,,-0.00017458945512771606,1117.0
0.0856008231639862,495232,0.0,2.918586687883362e-06,446.11607551574707,0.0023766038939356804,5772,1763260456.7921984,0.00046327710151672363,0.13842827081680298,,8.307397365570068e-06,,-0.0011629816144704819,1117.0
0.22946862876415253,497408,0.0,1.6129032474054839e-06,448.037624835968,6.667839625151828e-05,5793,1763260458.7137477,0.00017304252833127975,0.9992512464523315,,6.118789315223694e-07,,-0.00019721686840057373,1117.0
0.18861053884029388,497920,0.0,1.305683554164716e-06,448.5163538455963,4.858062311541289e-05,5798,1763260459.1924767,-7.846485823392868e-05,0.9993035197257996,,9.778887033462524e-08,,9.597092866897583e-05,1117.0
0.12163782119750977,498176,0.0,1.152073764387751e-06,448.73676919937134,0.0013945663813501596,5800,1763260459.412892,-0.00016974098980426788,0.9991424083709717,,7.74674117565155e-06,,-3.869831562042236e-05,1117.0
0.12313753366470337,499584,0.0,3.072196648190584e-07,449.9913487434387,0.00019905882072634995,5814,1763260460.6674716,5.3202733397483826e-05,0.9996024966239929,,2.2351741790771484e-08,,-7.789209485054016e-05,1117.0
,499727,,,450.10912585258484,,5816,1763260460.7852488,,,500.0,,500.0,,
0.14985811710357666,499840,0.0,1.536098324095292e-07,450.2497386932373,0.00033959545544348657,5817,1763260460.9258616,5.129724740982056e-06,0.2970097064971924,,1.862645149230957e-09,,-3.809109330177307e-06,1117.0
