_step,_runtime,global_step,_timestamp,charts/episodic_length,charts/episodic_return,losses/approx_kl,losses/explained_variance,losses/old_approx_kl,losses/clipfrac,losses/policy_loss,losses/entropy,charts/learning_rate,charts/SPS,losses/value_loss
0,24.449840307235718,0,1763260045.2992742,,,,,,,,,,,
7,26.02493667602539,134,1763260046.8743706,38.0,38.0,,,,,,,,,
33,26.53501534461975,678,1763260047.3844492,31.0,31.0,,,,,,,,,
41,26.70845866203308,866,1763260047.5578926,42.0,42.0,,,,,,,,,
47,26.835144519805908,1011,1763260047.6845784,11.0,11.0,,,,,,,,,
64,27.29883360862732,1483,1763260048.1482675,31.0,31.0,,,,,,,,,
74,27.65249276161194,1888,1763260048.5019267,93.0,93.0,,,,,,,,,
77,27.870314121246338,2048,1763260048.719748,,,0.0006320085376501083,-0.07449054718017578,0.007841886952519417,0.0,-0.009919971227645874,0.6308028101921082,0.0002988479391206056,1020.0,28.11923599243164
88,28.253775596618652,2535,1763260049.1032095,58.0,58.0,,,,,,,,,
102,28.967114210128784,3292,1763260049.816548,92.0,92.0,,,,,,,,,
104,29.05018138885498,3328,1763260049.8996153,,,0.0007415739819407463,-0.01887798309326172,0.011186030693352222,0.0,-0.0031115692108869553,0.5631855726242065,0.0002980798890348524,1044.0,19.347137451171875
133,30.779836654663086,5248,1763260051.6292706,,,0.00028857309371232986,-0.17007791996002197,0.003500065766274929,0.0,-0.007038787007331848,0.5732929706573486,0.0002969278139062226,1067.0,30.273876190185547
147,31.305442571640015,5876,1763260052.1548765,52.0,52.0,,,,,,,,,
149,31.406928300857544,5961,1763260052.2563622,85.0,85.0,,,,,,,,,
150,31.493804454803467,6016,1763260052.3432384,,,2.876482903957367e-05,-0.00723111629486084,0.0002634674310684204,0.0,-0.00022548437118530273,0.5698473453521729,0.00029646698385477066,1068.0,22.051462173461914
155,31.722853899002075,6272,1763260052.5722878,,,0.000209711492061615,0.5213783979415894,-0.0011629201471805573,0.0,0.000773262232542038,0.5928705930709839,0.00029631337383762,1070.0,18.580886840820312
157,31.74734616279602,6329,1763260052.59678,29.0,29.0,,,,,,,,,
172,32.68206310272217,7363,1763260053.531497,70.0,70.0,,,,,,,,,
195,34.101940870285034,8956,1763260054.9513748,93.0,93.0,,,,,,,,,
203,34.91090703010559,9485,1763260055.760341,231.0,231.0,,,,,,,,,
213,35.972923278808594,10240,1763260056.8223572,,,0.0001234179362654686,0.3173147439956665,0.0012122867628932,0.0,-0.0086490698158741,0.5837298631668091,0.0002939324185717851,1012.0,18.766834259033203
217,36.553218364715576,10621,1763260057.4026523,125.0,125.0,,,,,,,,,
228,37.969521045684814,11337,1763260058.818955,171.0,171.0,,,,,,,,,
233,38.94639611244202,11776,1763260059.79583,,,0.0012330235913395882,0.834709644317627,0.004880393855273724,0.0,-0.011629789136350155,0.5908718705177307,0.00029301075846888125,900.0,16.75957679748535
251,41.52153754234314,13184,1763260062.3709714,,,4.4871121644973755e-06,-0.0018732547760009766,0.00032833777368068695,0.0,-0.0012541580945253372,0.5650439858436584,0.0002921659033745527,841.0,23.541912078857422
259,42.44663405418396,13901,1763260063.296068,275.0,275.0,,,,,,,,,
265,43.00077843666077,14336,1763260063.8502123,,,0.0001452406868338585,0.07095158100128174,0.0012162784114480019,0.0,-0.007285952568054199,0.6047494411468506,0.00029147465829737484,836.0,15.906246185302734
273,43.675360441207886,15104,1763260064.5247943,,,4.01744619011879e-05,-0.220015287399292,0.0008452655747532845,0.0,0.0008517615497112274,0.5694372653961182,0.0002910138282459229,847.0,14.478310585021973
274,43.684136629104614,15123,1763260064.5335705,166.0,166.0,,,,,,,,,
292,45.0920946598053,16512,1763260065.9415286,,,0.000875275582075119,0.7366225719451904,-0.013526653870940208,0.0,-0.0017858929932117462,0.612271249294281,0.0002901689731515944,858.0,14.587323188781738
321,47.16578817367554,18688,1763260068.015222,,,0.002862740308046341,0.5843620300292969,-0.0020872727036476135,0.009765625,-0.010680422186851501,0.5925606489181519,0.00028886328800581396,877.0,41.45297622680664
327,47.73865270614624,19328,1763260068.5880866,,,0.0004986682906746864,0.008372008800506592,-0.009584826417267323,0.0,0.008507944643497467,0.5768604278564453,0.00028847926296293736,883.0,10.899749755859375
330,47.87692356109619,19531,1763260068.7263575,174.0,174.0,,,,,,,,,
332,48.07665538787842,19712,1763260068.9260893,,,6.172433495521545e-05,-0.23087191581726074,-0.004352221265435219,0.0,-0.0025589317083358765,0.5810598134994507,0.0002882488479372114,887.0,11.681013107299805
337,48.567547082901,20224,1763260069.416981,,,9.920448064804077e-06,-0.0967181921005249,0.0012555010616779327,0.0,0.0012115053832530975,0.5930301547050476,0.0002879416279029101,890.0,10.609984397888184
340,48.79057741165161,20480,1763260069.6400113,,,1.7648562788963318e-06,-0.11068236827850342,0.00045167189091444016,0.0,0.0001830877736210823,0.5981667041778564,0.00028778801788575947,893.0,10.680554389953613
370,51.50068807601929,23296,1763260072.350122,,,0.0031129680573940277,-0.0030829906463623047,0.005153605714440346,0.005859375,0.001276850700378418,0.5251023769378662,0.00028609830769710243,908.0,13.673452377319336
375,51.972612619400024,23808,1763260072.8220465,,,0.0004298156127333641,-0.2053450345993042,-0.00795936118811369,0.0,0.00815524160861969,0.535780131816864,0.00028579108766280115,911.0,8.67016887664795
396,53.872464179992676,25706,1763260074.721898,189.0,189.0,,,,,,,,,
425,56.6506667137146,28416,1763260077.5001006,,,4.691816866397858e-05,0.5446000099182129,0.0005439203232526779,0.0,0.00064048171043396,0.44252336025238037,0.0002830261073540896,922.0,5.764107704162598
441,58.26485586166382,29952,1763260079.1142898,,,0.0005654571577906609,0.48074817657470703,0.006795189343392849,0.0,-0.008371710777282715,0.5103848576545715,0.0002821044472511858,924.0,4.711673259735107
450,58.894899129867554,30599,1763260079.744333,174.0,174.0,,,,,,,,,
471,61.378392934799194,32640,1763260082.2278268,,,0.004738599993288517,0.9876711368560791,0.01500501949340105,0.001953125,0.0012882659211754799,0.6105242371559143,0.00028049154207110405,919.0,2.0147705078125
481,62.515586376190186,33536,1763260083.3650203,,,0.0014737583696842194,0.3560789227485657,-0.011422233656048775,0.0,-0.002866290509700775,0.5802225470542908,0.0002799539070110768,914.0,4.242649078369141
490,63.42468023300171,34254,1763260084.2741141,142.0,142.0,,,,,,,,,
504,64.77192497253418,35328,1763260085.6213589,,,0.0024567730724811554,0.7932471632957458,0.0222325399518013,0.001953125,-0.03148864954710007,0.5031776428222656,0.0002788786368910223,907.0,3.2155752182006836
515,66.17788314819336,36224,1763260087.027317,,,2.0160339772701263e-05,0.013855040073394775,-0.0006546406075358391,0.0,-0.00041109323501586914,0.5226183533668518,0.0002783410018309951,898.0,2.435312032699585
530,67.95455503463745,37248,1763260088.803989,,,0.0023057125508785248,0.9283124208450317,0.00954405590891838,0.0,0.010831055231392384,0.5719568133354187,0.0002777265617623925,884.0,19.404733657836914
539,68.76346015930176,37739,1763260089.612894,135.0,135.0,,,,,,,,,
547,69.87067484855652,38272,1763260090.7201087,,,0.00018355902284383774,0.9664339423179626,-0.006504877470433712,0.0,0.003968812525272369,0.5614887475967407,0.00027711212169378996,869.0,7.503338813781738
555,70.98516058921814,38912,1763260091.8345945,,,0.00012220349162817,0.9833961129188538,-0.001015753485262394,0.0,0.0014630407094955444,0.5493333339691162,0.00027672809665091336,862.0,1.4298919439315796
559,71.6364598274231,39305,1763260092.4858937,500.0,500.0,,,,,,,,,
568,73.1660680770874,40192,1763260094.015502,,,0.0014045564457774162,0.2534348964691162,-0.00955204013735056,0.0,-0.00696854293346405,0.5881378650665283,0.0002759600756689906,849.0,84.13587951660156
595,77.72309803962708,42491,1763260098.572532,153.0,153.0,,,,,,,,,
612,81.0916211605072,43904,1763260101.941055,,,9.665265679359436e-06,0.4151800870895386,4.439987242221832e-05,0.0,8.340179920196533e-05,0.6153885722160339,0.0002737327304203063,794.0,0.8342031240463257
614,81.48804950714111,44160,1763260102.3374834,,,0.0027386508882045746,0.9080698490142822,0.00863366387784481,0.00390625,-0.022191107273101807,0.5531463027000427,0.0002735791204031557,793.0,11.191268920898438
630,83.74799585342407,45426,1763260104.5974298,202.0,202.0,,,,,,,,,
636,84.80880856513977,45952,1763260105.6582425,,,0.0002841101959347725,0.207558274269104,-0.0005353493615984917,0.0,0.0021384693682193756,0.6012824773788452,0.0002725038502831012,779.0,139.41299438476562
640,85.29925632476807,46241,1763260106.1486902,242.0,242.0,,,,,,,,,
650,86.93825793266296,47104,1763260107.7876918,,,0.00014680158346891403,0.9855219721794128,0.004168481566011906,0.0,-0.006235562264919281,0.5880988836288452,0.0002718126052059233,771.0,2.8627841472625732
664,89.2925956249237,48384,1763260110.1420295,,,0.00040271319448947906,0.0037611722946166992,0.007758207619190216,0.0,-0.0018303468823432922,0.5884997844696045,0.0002710445551201701,762.0,119.24601745605469
684,92.6459755897522,50383,1763260113.4954095,500.0,500.0,,,,,,,,,
689,93.53409957885742,50816,1763260114.3835335,,,0.000863327644765377,-1.1173913478851318,0.0003552185371518135,0.0,-0.0009645149111747742,0.5153719782829285,0.00026958525995723903,750.0,0.24617943167686462
698,95.07247066497803,51712,1763260115.9219046,,,0.01500463206321001,0.9600770473480225,0.012306186370551586,0.078125,-0.009089000523090363,0.4975433349609375,0.0002690476248972118,747.0,0.7491253614425659
702,95.73973941802979,52096,1763260116.5891733,,,0.00027190614491701126,0.5200670957565308,-3.7969090044498444e-05,0.0,-0.00024121999740600586,0.5476112961769104,0.00026881720987148583,745.0,0.12246930599212646
707,96.60603427886963,52608,1763260117.4554682,,,0.0007295943796634674,-0.14933514595031738,0.008501246571540833,0.0,-0.007730349898338318,0.5444552898406982,0.00026850998983718455,743.0,0.14524587988853455
729,99.8484935760498,54528,1763260120.6979275,,,7.477588951587677e-05,0.0380406379699707,-0.000963142141699791,0.0,-0.002092406153678894,0.5153875946998596,0.00026735791470855474,737.0,65.09225463867188
757,104.26474237442017,57250,1763260125.1141763,353.0,353.0,,,,,,,,,
762,105.039306640625,57728,1763260125.8887405,,,0.0005651311948895454,0.8145577907562256,-0.0020388932898640633,0.0,-0.003604469820857048,0.4470731019973755,0.00026543778949417174,729.0,0.05009802058339119
767,105.81628441810608,58240,1763260126.6657183,,,0.00010699406266212463,0.9308444261550903,-0.001818981021642685,0.0,-0.0009184200316667557,0.46519872546195984,0.00026513056945987046,728.0,3.2796008586883545
775,106.88931918144226,58919,1763260127.738753,347.0,347.0,,,,,,,,,
788,109.14000463485718,60288,1763260129.9894385,,,0.003457634709775448,0.7220746278762817,-0.0007978035137057304,0.025390625,-0.006815057247877121,0.4820234477519989,0.00026390168932266533,723.0,0.5447688102722168
789,109.3821611404419,60416,1763260130.231595,500.0,500.0,0.00011189095675945282,-0.003703594207763672,-0.004744244739413261,0.0,0.0028444305062294006,0.5307940244674683,0.00026382488431409,723.0,112.19740295410156
797,110.86635279655457,61312,1763260131.7157867,,,0.003084947355091572,0.5630462169647217,0.026313401758670807,0.0,-0.003613866865634918,0.49659377336502075,0.00026328724925406277,721.0,0.08586204051971436
806,112.52550196647644,62208,1763260133.3749359,,,0.0008225720375776291,0.8534162044525146,0.0031247567385435104,0.0,0.00552012724801898,0.3918103873729706,0.00026274961419403553,717.0,0.0035456353798508644
815,114.16774535179138,63104,1763260135.0171793,,,0.0031735198572278023,0.26604652404785156,0.005802792496979237,0.009765625,-0.0038569271564483643,0.452749639749527,0.0002622119791340083,714.0,0.005047819577157497
863,122.38268446922302,67968,1763260143.2321184,,,0.0008247243240475655,0.0011392831802368164,-0.01060830894857645,0.0,-0.00451614148914814,0.4489208459854126,0.0002592933888081461,704.0,152.9515380859375
872,123.84758734703064,68916,1763260144.6970212,500.0,500.0,,,,,,,,,
876,124.65216946601868,69376,1763260145.5016034,,,0.003644408658146858,0.4714778661727905,0.021026095375418663,0.001953125,-0.011254727840423584,0.39075690507888794,0.0002584485337138176,702.0,0.00047666046884842217
916,131.31808757781982,73416,1763260152.1675215,500.0,500.0,,,,,,,,,
922,132.39504051208496,73984,1763260153.2444744,,,0.0002453308552503586,0.002962350845336914,0.0005292054265737534,0.0,-0.003273002803325653,0.4510559141635895,0.00025568355340510607,694.0,59.16504669189453
930,133.8853976726532,74880,1763260154.7348316,,,0.009183152578771114,0.6435458660125732,-0.0018119001761078835,0.01171875,-0.02634979411959648,0.470590740442276,0.0002551459183450788,693.0,0.00018418817489873618
938,135.20651054382324,75648,1763260156.0559444,,,4.86886128783226e-05,0.05132681131362915,0.0012767212465405464,0.0,0.0010526478290557861,0.5038647651672363,0.0002546850882936269,691.0,0.006079917773604393
941,135.6492600440979,75916,1763260156.498694,500.0,500.0,,,,,,,,,
942,135.85002827644348,76032,1763260156.6994622,,,0.0007624560967087746,0.0045258402824401855,-0.005341515876352787,0.0,-0.005999019369482994,0.4747510552406311,0.00025445467326790094,691.0,23.400604248046875
948,137.116370677948,76800,1763260157.9658046,,,0.009000991471111774,0.6002960205078125,-0.014841301366686821,0.033203125,-0.024606864899396896,0.40205657482147217,0.000253993843216449,690.0,0.00020081340335309505
974,141.55472874641418,79416,1763260162.4041626,500.0,500.0,,,,,,,,,
980,142.58292388916016,80000,1763260163.4323578,,,0.00031126849353313446,0.0031366944313049316,0.0061548203229904175,0.0,-0.006209485232830048,0.33237147331237793,0.0002520737471058965,685.0,261.3140869140625
985,143.49951696395874,80512,1763260164.3489509,,,0.00037611648440361023,0.005160272121429443,-0.00488276407122612,0.0,0.0003883540630340576,0.41180872917175293,0.0002517665270715952,684.0,186.4265899658203
995,145.23171949386597,81536,1763260166.0811534,,,0.00012492481619119644,0.004388630390167236,0.0031432965770363808,0.0,-0.007557416334748268,0.46570682525634766,0.00025115208700299263,683.0,149.6814727783203
997,145.63776350021362,81792,1763260166.4871974,,,0.004235467873513699,0.5254905223846436,0.013878525234758854,0.017578125,-0.007472466677427292,0.38065606355667114,0.000250998476985842,682.0,0.00042599966400302947
1015,148.82093286514282,83584,1763260169.6703668,,,0.0007051350548863411,0.7143828868865967,-0.00855324324220419,0.0,0.005540624260902405,0.4646797776222229,0.0002499232068657875,679.0,0.004039284307509661
1020,149.71397876739502,84096,1763260170.5634127,,,0.005368427373468876,0.7865149974822998,0.02541935443878174,0.013671875,-0.03204438462853432,0.4165731966495514,0.0002496159868314862,679.0,0.004354638047516346
1031,151.6962230205536,85248,1763260172.545657,,,0.026906274259090424,0.9710014462471008,0.11486544460058212,0.115234375,-0.025560371577739716,0.42119884490966797,0.00024892474175430834,677.0,0.0008313626167364419
1050,155.01911997795105,87168,1763260175.8685539,,,0.005285492166876793,0.9265309572219849,-0.013987744227051735,0.009765625,-0.007171425968408585,0.47021427750587463,0.00024777266662567854,674.0,0.0006829889607615769
1053,155.458327293396,87424,1763260176.3077612,,,0.00010909233242273331,0.0019360780715942383,-0.0013881465420126915,0.0,0.004548347555100918,0.3802843987941742,0.0002476190566085279,674.0,121.72723388671875
1058,156.3442738056183,87936,1763260177.1937077,,,0.004944139160215855,0.0050463080406188965,0.003967826254665852,0.005859375,0.007218219339847565,0.412082701921463,0.0002473118365742266,673.0,323.1554870605469
1082,160.50628519058228,90416,1763260181.355719,500.0,500.0,,,,,,,,,
1083,160.68562078475952,90496,1763260181.5350547,,,0.005209570750594139,0.01480180025100708,-0.007638293318450451,0.01953125,-0.022918522357940674,0.37220442295074463,0.0002457757364027202,671.0,272.10833740234375
1091,162.13614678382874,91392,1763260182.9855807,,,0.008178703486919403,0.6005629301071167,0.03330213949084282,0.013671875,-0.0219775028526783,0.40350067615509033,0.00024523810134269297,670.0,0.0008097112877294421
1106,164.73804640769958,92928,1763260185.5874803,,,7.171649485826492e-05,0.007001757621765137,0.0008930256590247154,0.0,0.0026267478242516518,0.4300048351287842,0.00024431644123978913,669.0,128.91644287109375
1118,166.80582523345947,94208,1763260187.6552591,,,0.005091244354844093,0.9655677080154419,0.021340535953640938,0.037109375,-0.020904332399368286,0.41319751739501953,0.00024354839115403593,668.0,0.001079045468941331
1125,167.90733337402344,94916,1763260188.7567673,500.0,500.0,,,,,,,,,
1133,169.35709929466248,95744,1763260190.2065332,,,0.0011685816571116447,0.7866179347038269,-0.00899819191545248,0.0,0.0016642659902572632,0.37956976890563965,0.00024262673105113208,667.0,0.0009300060337409377
1145,171.29318833351135,96916,1763260192.1426222,500.0,500.0,,,,,,,,,
1164,174.53811383247375,98916,1763260195.3875477,500.0,500.0,,,,,,,,,
1165,174.7444372177124,98944,1763260195.593871,,,0.0010325852781534195,0.008310437202453613,0.005435734987258911,0.0,0.009781211614608765,0.4046242833137512,0.00024070660583674908,664.0,238.06903076171875
1172,176.0189208984375,99712,1763260196.8683548,,,0.00047214794903993607,0.9517901539802551,-0.001028568483889103,0.0,0.004635915160179138,0.33105626702308655,0.00024024577578529716,664.0,0.0015614585718140006
1181,177.57020235061646,100608,1763260198.4196362,,,0.0039059175178408623,0.9334653615951538,-0.005011591129004955,0.009765625,-0.0002253316342830658,0.4348994195461273,0.00023970814072526991,663.0,0.00041990933823399246
1186,178.43562126159668,101120,1763260199.2850552,,,0.012636045925319195,0.9396854639053345,0.029333343729376793,0.03125,-0.010455481708049774,0.457516074180603,0.00023940092069096863,662.0,0.00021450346685014665
1197,180.2956109046936,102272,1763260201.1450448,,,0.0008875783532857895,0.07646632194519043,-0.005161058157682419,0.00390625,0.0013686846941709518,0.3505847156047821,0.00023870967561379075,662.0,0.000896173994988203
1213,182.96737623214722,103916,1763260203.8168101,500.0,500.0,,,,,,,,,
1215,183.3692684173584,104064,1763260204.2187023,,,0.0014574043452739716,0.9356451034545898,0.006025576964020729,0.001953125,-0.003498088102787733,0.3177558183670044,0.00023763440549373627,660.0,0.0004965236294083297
1226,185.35100626945496,105216,1763260206.2004402,,,0.004602658562362194,0.6164210438728333,-0.001325269229710102,0.013671875,0.0062517765909433365,0.3096754550933838,0.00023694316041655838,659.0,0.0006208368577063084
1230,186.01592755317688,105600,1763260206.8653615,,,0.001216122880578041,0.9636693000793457,0.0037883128970861435,0.0,-0.00944608449935913,0.35288938879966736,0.00023671274539083242,659.0,0.0001885414676507935
1234,186.67197632789612,105984,1763260207.5214102,,,1.6461126506328583e-05,0.013549327850341797,0.0019570672884583473,0.0,0.00011900067329406738,0.2989964187145233,0.00023648233036510646,659.0,217.55038452148438
1245,188.6101667881012,107136,1763260209.4596007,,,0.0025473320856690407,0.1298655867576599,0.015875905752182007,0.001953125,-0.0038375109434127808,0.35152313113212585,0.00023579108528792858,658.0,0.0005019433447159827
1254,190.16879892349243,108032,1763260211.0182328,,,0.0012498265132308006,0.016243815422058105,-0.0017067911103367805,0.0,-0.014312013983726501,0.3411787748336792,0.00023525345022790134,657.0,224.7065887451172
1271,193.20504808425903,109916,1763260214.054482,500.0,500.0,,,,,,,,,
1299,198.2297706604004,112768,1763260219.0792046,,,0.0004289373755455017,0.6724243760108948,0.0036387182772159576,0.0,-0.0017522238194942474,0.34328693151474,0.00023241167946252972,654.0,0.0008535037632100284
1339,205.34209299087524,116864,1763260226.191527,,,0.0013175643980503082,0.30742067098617554,0.009983709082007408,0.001953125,-0.012972615659236908,0.3517117500305176,0.00022995391918811947,651.0,0.0014237957075238228
1340,205.38754200935364,116916,1763260226.236976,500.0,500.0,,,,,,,,,
1349,207.11123919487,117888,1763260227.960673,,,0.00015630945563316345,-0.03505361080169678,0.0015674866735935211,0.0,-0.0007686614990234375,0.2823770046234131,0.0002293394791195169,650.0,0.00020905595738440752
1363,209.42972564697266,119296,1763260230.2791595,,,7.1660615503788e-05,0.9510862827301025,-0.0008022086694836617,0.0,0.0018597375601530075,0.3251626193523407,0.00022849462402518839,649.0,0.0007673343643546104
1365,209.6827118396759,119424,1763260230.5321457,,,0.0018130382522940636,-0.002644777297973633,-0.004408438690006733,0.001953125,-0.0056943148374557495,0.31229835748672485,0.00022841781901661307,649.0,153.89830017089844
1370,210.5288610458374,119936,1763260231.378295,,,0.0004858085885643959,0.0013263225555419922,-0.006079810671508312,0.0,-0.002719651907682419,0.24752557277679443,0.00022811059898231179,649.0,308.165771484375
1380,212.18719601631165,120960,1763260233.03663,,,0.0006092647090554237,0.005253255367279053,-0.005781090818345547,0.0,-0.005553532391786575,0.3095824122428894,0.00022749615891370922,649.0,32.961700439453125
1381,212.38337445259094,121088,1763260233.2328084,,,9.952113032341003e-06,0.8730112314224243,-0.0010021030902862549,0.0,-0.00026451051235198975,0.300965815782547,0.0002274193539051339,649.0,0.00024907776969484985
1388,214.1184401512146,121856,1763260234.967874,,,0.0007576737552881241,0.9445584416389465,0.00803743489086628,0.0,-0.014808092266321182,0.2211281955242157,0.00022695852385368198,647.0,0.00019319630519021302
1395,215.38627815246582,122496,1763260236.235712,,,0.009369385428726673,0.0087052583694458,0.025772441178560257,0.041015625,0.05201440677046776,0.2584340274333954,0.00022657449881080538,646.0,201.0139617919922
1399,215.97761964797974,122916,1763260236.8270535,500.0,500.0,,,,,,,,,
1405,216.98954463005066,123520,1763260237.8389785,,,0.0031234249472618103,-0.001897573471069336,0.02338179014623165,0.00390625,-0.009061714634299278,0.2767166793346405,0.00022596005874220282,646.0,219.9298553466797
1432,221.00390148162842,126416,1763260241.8533354,500.0,500.0,,,,,,,,,
1433,221.19045400619507,126464,1763260242.039888,,,0.0021552089601755142,-0.0024470090866088867,-0.007298557087779045,0.0078125,-0.004180893301963806,0.36175310611724854,0.00022419354354497045,647.0,264.5089111328125
1455,224.8074119091034,128768,1763260245.6568458,,,0.0018417378887534142,0.6989496946334839,0.020693551748991013,0.0,-0.004362553358078003,0.34954580664634705,0.0002228110533906147,647.0,0.0004798172158189118
1456,224.99817538261414,128896,1763260245.8476093,,,0.0008048675954341888,0.784042239189148,0.00762711837887764,0.001953125,-0.001963432878255844,0.38246822357177734,0.00022273424838203937,647.0,0.00024645033408887684
1457,225.03957176208496,128916,1763260245.8890057,500.0,500.0,,,,,,,,,
1514,234.3618929386139,134784,1763260255.2113268,,,0.006741739809513092,-0.45654165744781494,0.01219245046377182,0.021484375,-0.004582539200782776,0.2494889348745346,0.00021920123253948987,646.0,0.0007763791363686323
1521,235.40778994560242,135424,1763260256.2572238,,,0.0004896596074104309,-0.0013300180435180664,-0.002515120431780815,0.0,3.2949261367321014e-05,0.22080934047698975,0.00021881720749661326,646.0,189.55760192871094
1525,236.0346908569336,135916,1763260256.8841248,500.0,500.0,,,,,,,,,
1527,236.37586736679077,136064,1763260257.2253013,,,0.0059900954365730286,-0.40367043018341064,0.012476088479161263,0.041015625,-0.012231186032295227,0.2751155197620392,0.00021843318245373666,646.0,0.0033258460462093353
1529,236.76638746261597,136320,1763260257.6158214,,,0.005981095135211945,0.3897113800048828,0.005687251687049866,0.01953125,0.011591430753469467,0.27094537019729614,0.00021827957243658602,646.0,0.00023558289103675634
1534,237.58995723724365,136832,1763260258.4393911,,,0.0006302883848547935,-0.9650735855102539,-0.0025072963908314705,0.0,0.005294442176818848,0.297749400138855,0.00021797235240228474,646.0,0.0001864357473095879
1536,237.83294010162354,136960,1763260258.682374,,,0.0006685387343168259,-0.001175999641418457,0.002283075824379921,0.0,0.003060281276702881,0.2967286705970764,0.00021789554739370942,646.0,193.92855834960938
1543,238.8748960494995,137728,1763260259.72433,,,0.0038144197314977646,0.30093657970428467,-0.011072862893342972,0.01171875,-0.006707191467285156,0.2718012034893036,0.0002174347173422575,646.0,0.0009387676254846156
1545,239.1161687374115,137916,1763260259.9656026,500.0,500.0,,,,,,,,,
1546,239.26939749717712,137984,1763260260.1188314,,,2.3208558559417725e-06,-0.0008976459503173828,-0.0010506007820367813,0.0,-0.00012386590242385864,0.1883152425289154,0.00021728110732510686,646.0,175.117919921875
1558,240.69616436958313,139264,1763260261.5455983,,,0.00040332507342100143,0.04831969738006592,-0.001635049469769001,0.0,0.002789922058582306,0.2028205841779709,0.00021651305723935366,648.0,0.00041328996303491294
1559,240.81830143928528,139392,1763260261.6677353,,,0.0009334851056337357,0.6360799670219421,0.014623751863837242,0.0,-0.007628975436091423,0.2704860270023346,0.00021643625223077834,648.0,0.0001729145151330158
1563,241.29447889328003,139776,1763260262.1439128,,,0.0019340245053172112,-0.11133861541748047,0.010586039163172245,0.0,0.025062646716833115,0.25591906905174255,0.00021620583720505238,648.0,0.00022702415299136192
1566,241.6031355857849,140032,1763260262.4525695,,,5.5355019867420197e-05,-0.0013616085052490234,-0.004704738967120647,0.0,-0.0013171546161174774,0.21517357230186462,0.00021605222718790174,649.0,133.86538696289062
1588,245.04106879234314,142416,1763260265.8905027,500.0,500.0,,,,,,,,,
1589,245.21222496032715,142464,1763260266.0616589,,,0.0003900211304426193,0.00043648481369018555,0.0018535126000642776,0.0,0.008600771427154541,0.26172155141830444,0.00021459293202497065,649.0,255.46878051757812
1597,246.4868836402893,143360,1763260267.3363175,,,0.0024411464110016823,0.013351380825042725,0.005468833260238171,0.01953125,-0.01267092302441597,0.24490579962730408,0.0002140552969649434,649.0,0.00011203922622371465
1607,248.06146621704102,144384,1763260268.9109,,,0.0053660934790968895,0.7260432839393616,0.018771013244986534,0.025390625,0.012641817331314087,0.2758485972881317,0.00021344085689634085,649.0,0.00021351667237468064
1609,248.28119015693665,144512,1763260269.130624,,,0.002131394110620022,-0.00350034236907959,0.009229886345565319,0.0078125,0.0016543269157409668,0.3455042541027069,0.00021336405188776553,649.0,315.9215393066406
1610,248.45742511749268,144640,1763260269.306859,,,4.468671977519989e-05,0.24384969472885132,0.0009760167449712753,0.0,0.0010779127478599548,0.21159350872039795,0.0002132872468791902,649.0,0.008369236253201962
1612,248.80438089370728,144896,1763260269.6538148,,,0.0017620371654629707,-0.6518718004226685,-0.0027629537507891655,0.0,-0.010524587705731392,0.3082733154296875,0.00021313363686203957,649.0,0.00018275392358191311
1626,250.77218317985535,146304,1763260271.621617,,,0.0015507983043789864,-0.5234163999557495,-0.004841380752623081,0.00390625,0.001294884830713272,0.23371639847755432,0.00021228878176771104,650.0,0.0003923419862985611
1638,252.1190755367279,147456,1763260272.9685094,,,0.0004505598917603493,-0.0027434825897216797,0.003275974653661251,0.0,-0.005733426660299301,0.3668121099472046,0.00021159753669053316,651.0,274.2130126953125
1687,259.21406650543213,152448,1763260280.0635004,,,0.00040393415838479996,-0.0019359588623046875,-0.0006020748987793922,0.0,-0.0016336217522621155,0.31080755591392517,0.0002086021559080109,653.0,180.82745361328125
1732,265.2809691429138,157184,1763260286.130403,,,0.0011144047603011131,-1.4407637119293213,0.005379998125135899,0.005859375,0.004751443862915039,0.4505358934402466,0.00020576037059072405,656.0,0.0005402807146310806
1745,266.6806514263153,158464,1763260287.5300853,,,0.004392221570014954,-0.0013900995254516602,-0.010260526090860367,0.0078125,-0.023270148783922195,0.45925164222717285,0.00020499232050497085,658.0,336.241943359375
1753,267.7215518951416,159360,1763260288.5709858,,,0.0009295539930462837,-0.2099095582962036,0.005894373171031475,0.0,0.0020407401025295258,0.3811241388320923,0.0002044546854449436,658.0,0.00019829125085379928
1754,267.75651693344116,159416,1763260288.6059508,500.0,500.0,,,,,,,,,
1765,268.9726769924164,160512,1763260289.822111,,,0.00010374747216701508,-0.002359628677368164,0.0011454969644546509,0.0,0.0003084354102611542,0.38947170972824097,0.00020376344036776572,660.0,255.33090209960938
1768,269.3738000392914,160896,1763260290.223234,,,0.002160814590752125,0.05116081237792969,-0.009025282226502895,0.00390625,-0.02556312456727028,0.41980913281440735,0.00020353302534203976,660.0,0.00027313249302096665
1777,270.77004170417786,161792,1763260291.6194756,,,0.0009679626673460007,-0.7838172912597656,0.018363842740654945,0.0,-0.0023563504219055176,0.4113239049911499,0.00020299539028201252,660.0,0.0002600443549454212
1818,276.71359753608704,165916,1763260297.5630314,500.0,500.0,,,,,,,,,
1823,277.4302821159363,166416,1763260298.279716,500.0,500.0,,,,,,,,,
1851,281.575740814209,169344,1763260302.4251747,,,0.0021981392055749893,0.07421380281448364,0.0021824371069669724,0.0,-0.004011586308479309,0.45521318912506104,0.00019846389477606863,662.0,0.00019679493561852723
1856,282.13520336151123,169856,1763260302.9846373,,,0.007584734819829464,-0.2034515142440796,-0.004641181789338589,0.009765625,-0.0077666062861680984,0.5048919916152954,0.00019815668929368258,662.0,0.0002586636401247233
1868,283.4838104248047,171008,1763260304.3332443,,,0.0014520930126309395,-0.0005884170532226562,-0.0067597003653645515,0.00390625,0.005741020664572716,0.46735748648643494,0.0001974654442165047,663.0,56.043785095214844
1873,284.0779778957367,171520,1763260304.9274118,,,0.0005382336676120758,-0.0015693902969360352,0.017287131398916245,0.0,0.0013847127556800842,0.41996830701828003,0.0001971582241822034,664.0,217.78277587890625
1877,284.5644631385803,171916,1763260305.413897,500.0,500.0,,,,,,,,,
1886,285.7625992298126,172928,1763260306.6120331,,,0.0010708961635828018,-0.0003355741500854492,-0.003924060612916946,0.0,0.002336636185646057,0.5317175984382629,0.0001963133690878749,665.0,231.30943298339844
1895,286.85800886154175,173916,1763260307.7074428,500.0,500.0,,,,,,,,,
1903,287.89601969718933,174720,1763260308.7454536,,,0.0030556879937648773,-0.07930660247802734,0.010852031409740448,0.005859375,-0.0025730058550834656,0.5358692407608032,0.0001952380989678204,666.0,0.00029409967828541994
1906,288.197806596756,174976,1763260309.0472405,,,0.003441738896071911,-0.0004037618637084961,0.017798807471990585,0.00390625,0.0021041780710220337,0.3495257496833801,0.00019508448895066977,666.0,155.44667053222656
1918,289.70851373672485,176256,1763260310.5579476,,,0.007613074034452438,-0.5357099771499634,-0.0010927245020866394,0.009765625,-0.03870948404073715,0.4195924699306488,0.00019431643886491656,668.0,0.0002584123285487294
1920,289.89705753326416,176416,1763260310.7464914,500.0,500.0,,,,,,,,,
1945,292.8932592868805,178944,1763260313.7426932,,,0.001982642337679863,-0.00026237964630126953,0.02050560712814331,0.00390625,-0.011769089847803116,0.4737483561038971,0.00019270353368483484,670.0,88.11941528320312
1959,294.52468967437744,180416,1763260315.3741236,500.0,500.0,,,,,,,,,
1973,296.4448597431183,181888,1763260317.2942936,,,0.00034943874925374985,-0.2212674617767334,0.00321794580668211,0.0,0.0006660521030426025,0.438598096370697,0.00019093701848760247,672.0,0.0003395301173441112
1985,298.171751499176,183040,1763260319.0211854,,,0.003171081654727459,-0.0008507966995239258,-0.00041189510375261307,0.00390625,-0.0026579611003398895,0.4915520250797272,0.0001902457734104246,672.0,119.0355453491211
1991,299.055136680603,183680,1763260319.9045706,,,0.002606792375445366,-0.281657338142395,0.014508862048387527,0.00390625,-0.001848571002483368,0.44957926869392395,0.000189861748367548,672.0,0.00029437002376653254
2002,300.6437063217163,184832,1763260321.4931402,,,0.002049097791314125,-0.022252321243286133,-0.005512947216629982,0.005859375,-0.00496954470872879,0.5817892551422119,0.0001891705032903701,672.0,0.00015097673167474568
2007,301.378821849823,185344,1763260322.2282557,,,0.0023721354082226753,-0.14459848403930664,-0.014200383797287941,0.001953125,0.007751107215881348,0.5291992425918579,0.00018886328325606883,672.0,0.000210580910788849
2016,302.68118691444397,186240,1763260323.5306208,,,0.0009001921862363815,-0.08916163444519043,-0.007383869960904121,0.001953125,-0.005885838530957699,0.530571699142456,0.00018832564819604158,672.0,0.00018299916700925678
2019,303.07279872894287,186496,1763260323.9222326,,,0.003318353556096554,-0.8502088785171509,-0.012458146549761295,0.00390625,0.010109107941389084,0.36516037583351135,0.00018817203817889094,672.0,0.00985137652605772
2024,303.8053216934204,187008,1763260324.6547556,,,0.002646268345415592,-3.6786346435546875,-0.01065628882497549,0.001953125,-0.02089393138885498,0.49545636773109436,0.00018786481814458966,672.0,0.010171260684728622
2027,304.1889567375183,187361,1763260325.0383906,500.0,500.0,,,,,,,,,
2029,304.53512048721313,187520,1763260325.3845544,,,0.003989351913332939,-1.644016981124878,0.01289271004498005,0.01171875,-0.013729773461818695,0.5604415535926819,0.00018755759811028838,672.0,0.008010067977011204
2034,305.3090558052063,188032,1763260326.1584897,,,0.0018790950998663902,-1.1090896129608154,0.0017806543037295341,0.0,-0.006382465362548828,0.5874989032745361,0.0001872503780759871,672.0,0.006974285468459129
2045,306.56010007858276,189138,1763260327.409534,500.0,500.0,,,,,,,,,
2051,307.3690402507782,189696,1763260328.2184741,,,0.0003760373219847679,-9.5367431640625e-06,0.002492782659828663,0.0,-0.007805399596691132,0.4349043369293213,0.00018625191296450794,673.0,335.5377197265625
2052,307.525502204895,189824,1763260328.374936,,,0.001368258148431778,-4.953275680541992,-0.010644886642694473,0.0,-0.011850550770759583,0.4673527479171753,0.00018617510795593262,673.0,0.012159216217696667
2070,309.9957332611084,191638,1763260330.8451672,500.0,500.0,,,,,,,,,
2076,310.8159530162811,192256,1763260331.665387,,,0.00032096821814775467,0.0017834305763244629,-0.011696920730173588,0.0,-0.0023598279803991318,0.38193586468696594,0.00018471582734491676,674.0,29.545001983642578
2093,313.0264472961426,194048,1763260333.8758812,,,0.000382937490940094,-2.4556422233581543,0.0017303451895713806,0.0,-0.00299847312271595,0.4418086111545563,0.00018364055722486228,675.0,0.00025640218518674374
2094,313.0738513469696,194138,1763260333.9232852,500.0,500.0,,,,,,,,,
2117,315.92315578460693,196480,1763260336.7725897,,,0.0011660149320960045,-0.9421414136886597,-0.0010378984734416008,0.0,0.0008827522397041321,0.3648281395435333,0.0001821812620619312,677.0,0.0003643065574578941
2141,318.93070793151855,198912,1763260339.7801418,,,0.0014694426208734512,0.3623383045196533,-0.005717677995562553,0.0,-0.0023967549204826355,0.4009515643119812,0.0001807219668990001,678.0,0.00017824552196543664
2146,319.63293409347534,199424,1763260340.482368,,,0.00809353869408369,-0.16483139991760254,-0.03261411935091019,0.025390625,0.004750806838274002,0.3981975018978119,0.00018041474686469883,678.0,0.00017397699411958456
2147,319.7960102558136,199552,1763260340.6454442,,,0.0009779660031199455,-0.31526505947113037,0.016473624855279922,0.001953125,-0.005287341773509979,0.42585650086402893,0.0001803379418561235,678.0,0.00019781685841735452
2148,319.84242391586304,199638,1763260340.6918578,500.0,500.0,,,,,,,,,
2155,320.8087775707245,200320,1763260341.6582115,,,0.0006850548088550568,-0.2912501096725464,0.00047451816499233246,0.0,-0.014371328055858612,0.47364962100982666,0.00017987711180467159,679.0,0.008279168978333473
2172,323.2300326824188,202112,1763260344.0794666,,,0.0029306765645742416,-0.6269828081130981,0.002498837187886238,0.0,0.009941333904862404,0.4424513280391693,0.0001788018416846171,679.0,0.0001805785286705941
2185,325.09717988967896,203392,1763260345.9466138,,,0.00020735245198011398,-0.24267244338989258,0.0008211294189095497,0.0,-0.0024106018245220184,0.4193779230117798,0.0001780337915988639,679.0,0.0010064124362543225
2192,326.01323556900024,204138,1763260346.8626695,500.0,500.0,,,,,,,,,
2198,326.7486913204193,204672,1763260347.5981252,,,0.00011982303112745285,-0.0001131296157836914,0.008796659298241138,0.0,-0.00028114020824432373,0.465760201215744,0.0001772657415131107,680.0,461.2917175292969
2199,326.8852324485779,204800,1763260347.7346663,,,0.00022091343998908997,-0.6719304323196411,-0.002738300710916519,0.0,0.003581114113330841,0.519198477268219,0.00017718893650453538,680.0,0.006884675472974777
2211,328.44978404045105,206080,1763260349.299218,,,0.003380880691111088,-0.43868541717529297,-0.002778594382107258,0.021484375,-0.00679972767829895,0.44269412755966187,0.00017642088641878217,681.0,0.00025278664543293417
2214,328.7741849422455,206336,1763260349.6236188,,,0.000614493153989315,-0.38302314281463623,-0.0030621355399489403,0.0,-0.0035968944430351257,0.5101333856582642,0.00017626727640163153,681.0,0.00730076152831316
2220,329.5312457084656,206976,1763260350.3806796,,,0.0013944804668426514,0.1289309859275818,0.0014396458864212036,0.0,-0.004320481792092323,0.4864008128643036,0.00017588325135875493,681.0,8.661988977110013e-05
2223,329.8656122684479,207232,1763260350.7150462,,,0.001531081274151802,-0.0002624988555908203,-0.0029116924852132797,0.0,0.008539345115423203,0.4749589264392853,0.0001757296413416043,681.0,326.766845703125
2225,330.15908908843994,207488,1763260351.008523,,,0.0005420288071036339,-0.15291762351989746,0.0076472098007798195,0.0,-0.0062818825244903564,0.44403040409088135,0.00017557603132445365,681.0,0.00011436036584200338
2226,330.2999544143677,207616,1763260351.1493883,,,0.00021486356854438782,0.06401717662811279,0.005378618836402893,0.0,-0.00017886608839035034,0.4531511962413788,0.00017549922631587833,681.0,0.0001708455674815923
2227,330.33839440345764,207638,1763260351.1878283,500.0,500.0,,,,,,,,,
2231,331.05263686180115,208128,1763260351.9020708,,,0.00010398123413324356,-0.056059837341308594,0.00027102697640657425,0.0,0.0014741867780685425,0.45854416489601135,0.00017519200628157705,681.0,0.0002714219153858721
2235,331.61910033226013,208512,1763260352.4685342,,,0.002428663894534111,-0.4764164686203003,-0.005767885595560074,0.0078125,-0.0005748812109231949,0.46291542053222656,0.0001749615912558511,681.0,5.888654413865879e-05
2241,332.4085466861725,209138,1763260353.2579806,500.0,500.0,,,,,,,,,
2248,333.3929924964905,209792,1763260354.2424264,,,0.000713731162250042,-0.07505142688751221,0.006320317275822163,0.0,0.012806031852960587,0.45137399435043335,0.0001741935411700979,682.0,0.006585105322301388
2250,333.734650850296,210048,1763260354.5840847,,,0.004742930643260479,-0.3623626232147217,-0.004994328133761883,0.017578125,0.00872340239584446,0.42779967188835144,0.00017403994570486248,682.0,0.0003303353732917458
2253,334.10353350639343,210304,1763260354.9529674,,,0.0001539289951324463,-0.19745087623596191,-0.005722777917981148,0.0,-0.003207605332136154,0.4400555193424225,0.00017388633568771183,682.0,0.008323341608047485
2272,336.59974789619446,212224,1763260357.4491818,,,8.760765194892883e-05,-0.0002480745315551758,-0.0008256826549768448,0.0,-0.0011670030653476715,0.4558061361312866,0.00017273426055908203,682.0,70.44237518310547
2280,337.6658992767334,213120,1763260358.5153332,,,0.0028553353622555733,-0.007776498794555664,-0.0038508297875523567,0.0,-0.008233200758695602,0.5004295110702515,0.0001721966254990548,683.0,0.0004563633701764047
2295,339.4395477771759,214638,1763260360.2889817,500.0,500.0,,,,,,,,,
2298,339.84051418304443,214912,1763260360.689948,,,0.00011633522808551788,0.058749377727508545,0.005140604451298714,0.0,-0.0014719776809215546,0.4967005252838135,0.0001711213553790003,684.0,0.00039645121432840824
2310,341.23749923706055,216138,1763260362.0869331,500.0,500.0,,,,,,,,,
2312,341.4836654663086,216320,1763260362.3330994,,,0.0025370242074131966,-0.26697659492492676,0.029120871797204018,0.0,-0.006134018301963806,0.5284114480018616,0.00017027650028467178,685.0,0.00743640074506402
2318,342.22959566116333,216960,1763260363.0790296,,,0.0005263872444629669,-0.2148364782333374,0.006569927558302879,0.001953125,-0.007799774408340454,0.500306248664856,0.00016989247524179518,685.0,0.0004154632333666086
2322,342.6779007911682,217344,1763260363.5273347,,,0.001490301452577114,-0.09241843223571777,0.0010934369638562202,0.0,0.007857445627450943,0.5497807860374451,0.00016966206021606922,686.0,0.007834108546376228
2324,342.97718477249146,217600,1763260363.8266187,,,0.000747213140130043,-0.0636296272277832,-0.0005552973598241806,0.0,0.004103910177946091,0.48572176694869995,0.00016950845019891858,686.0,0.0004063913074787706
2329,343.56849551200867,218112,1763260364.4179294,,,0.0009719459339976311,0.023244917392730713,-0.008751007728278637,0.0,-0.0021238215267658234,0.5097039341926575,0.0001692012301646173,686.0,0.0003273796755820513
2339,344.89313197135925,219136,1763260365.7425659,,,0.005685037933290005,-0.00568997859954834,0.004976951517164707,0.017578125,-0.019018031656742096,0.499984472990036,0.00016858679009601474,686.0,0.0001580276439199224
2343,345.4346034526825,219520,1763260366.2840374,,,0.0002670660614967346,-0.02723217010498047,-0.003504471853375435,0.0,0.0018561705946922302,0.5304883718490601,0.00016835637507028878,686.0,0.000127065708511509
2348,346.080548286438,220032,1763260366.9299822,,,7.555261254310608e-05,-0.04295158386230469,0.002796255052089691,0.0,-0.0014494815841317177,0.5686853528022766,0.0001680491550359875,687.0,0.00015165674267336726
2354,346.83197236061096,220638,1763260367.6814063,500.0,500.0,,,,,,,,,
2363,348.0462772846222,221568,1763260368.8957112,,,0.0025987662374973297,-0.07010495662689209,-0.0009087063372135162,0.009765625,-0.016517847776412964,0.5330819487571716,0.00016712749493308365,687.0,0.0002893727505579591
2389,351.2511029243469,224138,1763260372.1005368,500.0,500.0,,,,,,,,,
2394,352.00467467308044,224640,1763260372.8541086,,,0.0001543750986456871,0.00022101402282714844,0.0021615857258439064,0.0,-0.0072234757244586945,0.4715957045555115,0.00016528417472727597,688.0,36.4517822265625
2409,354.0493083000183,226153,1763260374.8987422,500.0,500.0,,,,,,,,,
2426,356.44681334495544,227840,1763260377.2962472,,,0.0004914663732051849,0.14015579223632812,-0.0011081639677286148,0.0,0.0009602922946214676,0.549139142036438,0.00016336404951289296,689.0,0.008767759427428246
2430,356.9531669616699,228224,1763260377.8026009,,,0.0020623626187443733,-0.00020313262939453125,-0.0025099320337176323,0.0,0.01766209676861763,0.5230510830879211,0.000163133634487167,689.0,246.7493896484375
2449,359.3870196342468,230153,1763260380.2364535,500.0,500.0,,,,,,,,,
2465,361.2653396129608,231808,1763260382.1147735,,,0.0013890685513615608,-0.05758023262023926,-0.011161946691572666,0.0,-0.004861064255237579,0.548123836517334,0.00016098310879897326,691.0,0.005546040367335081
2491,364.82044744491577,234496,1763260385.6698813,,,0.0007855957373976707,-0.02410578727722168,0.004759303294122219,0.0,-0.011629141867160797,0.5126619338989258,0.00015937020361889154,691.0,0.00016939593479037285
2493,364.9904885292053,234653,1763260385.8399224,500.0,500.0,,,,,,,,,
2506,366.40740299224854,235776,1763260387.256837,,,0.0009071389213204384,-2.6702880859375e-05,-0.0008635399863123894,0.0,0.014749884605407715,0.507449746131897,0.00015860215353313833,692.0,83.30036926269531
2514,367.4424695968628,236672,1763260388.2919035,,,0.005032624118030071,-0.10690367221832275,0.011051971465349197,0.005859375,0.003244229592382908,0.5067183375358582,0.0001580645184731111,692.0,0.0002424221602268517
2515,367.484050989151,236765,1763260388.333485,500.0,500.0,,,,,,,,,
2520,368.0683271884918,237265,1763260388.917761,500.0,500.0,,,,,,,,,
2533,369.63638401031494,238592,1763260390.485818,,,4.826206713914871e-05,-0.2954130172729492,0.0012155799195170403,0.0,-0.001010611653327942,0.4923132061958313,0.0001569124433444813,694.0,0.00017069559544324875
2540,370.4214951992035,239265,1763260391.270929,500.0,500.0,,,,,,,,,
2547,371.3315932750702,240000,1763260392.1810272,,,0.00018266402184963226,-0.040961265563964844,0.005327494814991951,0.0,0.0021401122212409973,0.5171695947647095,0.00015606758825015277,694.0,0.005183048080652952
2570,373.7887132167816,242304,1763260394.638147,,,0.0005084080621600151,-0.00023794174194335938,-0.0008506393060088158,0.0,-0.005647197365760803,0.4825066328048706,0.000154685098095797,696.0,290.22222900390625
2571,373.91275238990784,242432,1763260394.7621863,,,0.00029779691249132156,-0.5653996467590332,-0.0020466959103941917,0.0,-0.0014024488627910614,0.4306630492210388,0.00015460829308722168,696.0,0.004561631008982658
2576,374.563437461853,242944,1763260395.4128714,,,0.000639050267636776,-0.23916471004486084,-0.00138066615909338,0.001953125,0.006903894245624542,0.49987396597862244,0.0001543010730529204,696.0,0.005365306977182627
2577,374.724760055542,243072,1763260395.574194,,,0.0018876250833272934,-0.06896722316741943,0.0009128265082836151,0.0,-0.002659197896718979,0.48332488536834717,0.00015422426804434508,696.0,0.00021078423014841974
2608,379.1187949180603,246265,1763260399.9682288,500.0,500.0,,,,,,,,,
2610,379.4383981227875,246400,1763260400.287832,,,0.0011656247079372406,-0.3014535903930664,0.008089758455753326,0.0,-0.018864348530769348,0.4178316593170166,0.00015222733782138675,696.0,0.005305035039782524
2630,382.28891825675964,248448,1763260403.1383522,,,0.00031911395490169525,-0.0947946310043335,-0.004560070112347603,0.0,0.0005036816000938416,0.47835883498191833,0.00015099845768418163,697.0,0.003978234250098467
2636,383.20821714401245,249088,1763260404.057651,,,0.0019166730344295502,-0.03745400905609131,-0.0007585044950246811,0.00390625,0.000994306057691574,0.4469917118549347,0.00015061443264130503,697.0,6.287360156420618e-05
2646,384.6813600063324,250112,1763260405.530794,,,0.0007435884326696396,-0.3341822624206543,-0.009265778586268425,0.0,-0.002190038561820984,0.5325915813446045,0.0001500000071246177,697.0,0.00018772287876345217
2647,384.85813212394714,250240,1763260405.707566,,,0.0011614290997385979,-0.11477363109588623,-0.0009225653484463692,0.0,-0.0009620841592550278,0.5109235048294067,0.00014992320211604238,697.0,0.00020453400793485343
2648,384.9027729034424,250265,1763260405.7522068,500.0,500.0,,,,,,,,,
2668,387.27582716941833,252288,1763260408.125261,,,0.00021696556359529495,0.00034105777740478516,-0.00023990031331777573,0.0,0.007292766124010086,0.45506858825683594,0.00014869432197883725,698.0,50.2843132019043
2673,387.83687448501587,252800,1763260408.6863084,,,0.00015444960445165634,8.463859558105469e-06,-0.002306918613612652,0.0,-0.005455680191516876,0.5780266523361206,0.00014838710194453597,698.0,162.24520874023438
2683,388.971195936203,253824,1763260409.8206298,,,6.22328370809555e-05,1.3172626495361328e-05,0.00025289691984653473,0.0,-0.002421438694000244,0.48131534457206726,0.0001477726618759334,699.0,234.17288208007812
2687,389.4184024333954,254265,1763260410.2678363,500.0,500.0,,,,,,,,,
2689,389.71557116508484,254464,1763260410.565005,,,0.0015867603942751884,-0.12559401988983154,-2.8829090297222137e-05,0.0,-0.01398853026330471,0.5483810901641846,0.0001473886368330568,699.0,0.005259755067527294
2692,389.9863829612732,254765,1763260410.8358169,500.0,500.0,,,,,,,,,
2732,395.8323640823364,258816,1763260416.681798,,,0.0003653941676020622,7.838010787963867e-05,0.0008907122537493706,0.0,0.005170021206140518,0.4571159780025482,0.00014477726654149592,699.0,206.2930450439453
2752,398.6595652103424,260829,1763260419.508999,64.0,64.0,,,,,,,,,
2757,399.42673206329346,261329,1763260420.276166,500.0,500.0,,,,,,,,,
2772,401.77155804634094,262829,1763260422.620992,500.0,500.0,,,,,,,,,
2782,403.2855587005615,263829,1763260424.1349926,500.0,500.0,,,,,,,,,
2783,403.472371339798,263936,1763260424.3218052,,,1.4353543519973755e-05,4.398822784423828e-05,-0.0002000909298658371,0.0,-0.0007807053625583649,0.5151532888412476,0.0001417050661984831,698.0,248.0258026123047
2793,404.9459195137024,264960,1763260425.7953534,,,0.00026543810963630676,-0.22526276111602783,0.004506807774305344,0.0,-0.004289742559194565,0.42952024936676025,0.00014109062612988055,698.0,0.0040423977188766
2824,409.395131111145,268160,1763260430.244565,,,0.0002979077398777008,0.44742274284362793,0.002020183950662613,0.0,-0.0020933225750923157,0.45989903807640076,0.00013917050091549754,699.0,0.00015576320583932102
2843,411.6553575992584,270080,1763260432.5047915,,,0.00010847672820091248,-0.16324150562286377,-0.0023825541138648987,0.0,-0.0012698620557785034,0.4859519898891449,0.00013801844033878297,700.0,0.0037114014849066734
2857,413.2795457839966,271488,1763260434.1289797,,,5.935691297054291e-05,-0.1568049192428589,0.0037218760699033737,0.0,-0.000816740095615387,0.4973476827144623,0.00013717358524445444,700.0,0.0039442237466573715
2882,416.09759616851807,274048,1763260436.94703,,,4.470348358154297e-06,0.04289412498474121,0.0006075017154216766,0.0,-0.00031887367367744446,0.5456709861755371,0.00013563748507294804,702.0,0.0031037675216794014
2890,416.97859597206116,274829,1763260437.8280299,500.0,500.0,,,,,,,,,
2911,419.4824833869934,276992,1763260440.3319173,,,0.0008493056520819664,0.007686495780944824,0.000986567698419094,0.0,-0.006722401827573776,0.5564316511154175,0.00013387096987571567,703.0,0.0033815244678407907
2935,422.1845967769623,279424,1763260443.0340307,,,0.0008879425004124641,2.8789043426513672e-05,0.0023068776354193687,0.0,-0.004506619647145271,0.5890201926231384,0.0001324116747127846,705.0,123.47859954833984
2949,423.76451992988586,280832,1763260444.6139538,,,4.6916306018829346e-05,-1.5616416931152344e-05,-0.002171281725168228,0.0,-0.0043218983337283134,0.5351794958114624,0.00013156681961845607,705.0,420.18988037109375
2960,425.06770157814026,281984,1763260445.9171355,,,0.00015919562429189682,0.009537816047668457,0.0008014673367142677,0.0,-0.001830963883548975,0.5247545838356018,0.00013087557454127818,706.0,0.003911988809704781
2975,426.8995668888092,283520,1763260447.7490008,,,0.00034425966441631317,-0.04730510711669922,-0.0008196141570806503,0.0,-0.00908653810620308,0.5944167375564575,0.00012995391443837434,706.0,0.00012721274106297642
2989,428.3266408443451,284672,1763260449.1760747,,,7.20703974366188e-05,-3.5881996154785156e-05,0.0032574618235230446,0.0,0.000787731260061264,0.5141251087188721,0.00012926266936119646,707.0,106.75697326660156
2997,429.2534041404724,285568,1763260450.102838,,,0.0006937608122825623,-0.06711530685424805,0.0032215118408203125,0.0,0.002991560846567154,0.584185004234314,0.00012872503430116922,707.0,0.0002688418608158827
3011,430.9148941040039,286976,1763260451.764328,,,0.0005083456635475159,-0.2851294279098511,0.0006548464298248291,0.0,0.004795242100954056,0.5093178153038025,0.0001278801792068407,708.0,0.00027823884738609195
3051,435.6594319343567,291072,1763260456.5088658,,,0.00016278959810733795,-0.24735510349273682,-0.004227090626955032,0.0,0.0015249550342559814,0.47947704792022705,0.00012542243348434567,710.0,0.0001871835847850889
3053,435.83604407310486,291200,1763260456.685478,,,0.00015186704695224762,0.00011563301086425781,-6.09569251537323e-05,0.0,-0.0021381452679634094,0.5270957350730896,0.00012534562847577035,710.0,433.6305847167969
3066,437.4064390659332,292608,1763260458.255873,,,0.001413191668689251,-0.2398301362991333,0.008374867029488087,0.0,-0.008867397904396057,0.5256715416908264,0.00012450077338144183,711.0,0.00023665293701924384
3070,437.83598589897156,292992,1763260458.6854198,,,0.0008008899167180061,-0.12149345874786377,0.008561001159250736,0.0,-0.013280365616083145,0.5718170404434204,0.00012427035835571587,711.0,0.00022894502035342157
3083,439.26664781570435,294272,1763260460.1160817,,,0.00017931684851646423,0.0002142786979675293,0.0015445556491613388,0.0,-0.0010987557470798492,0.5420688390731812,0.00012350230826996267,711.0,248.7342987060547
3098,441.2566394805908,295808,1763260462.1060734,,,0.0006784591823816299,0.06206268072128296,-0.004439879208803177,0.0,-0.01370263658463955,0.4958591163158417,0.00012258064816705883,712.0,0.0036180363968014717
3103,441.9343991279602,296320,1763260462.783833,,,0.0005819397047162056,0.08663630485534668,0.0032426295801997185,0.0,-0.003449847921729088,0.5003858208656311,0.00012227342813275754,712.0,0.0032094386406242847
3127,445.0165340900421,298752,1763260465.865968,,,5.375593900680542e-06,3.2842159271240234e-05,0.0004581380635499954,0.0,-3.481283783912659e-05,0.49896350502967834,0.00012081413296982646,712.0,21.398601531982422
3129,445.3395059108734,299008,1763260466.1889398,,,0.00010957103222608566,-0.07644462585449219,-0.002393755130469799,0.0,-0.001570574939250946,0.4873271584510803,0.00012066052295267582,712.0,9.256599878426641e-05
3141,447.01521396636963,300169,1763260467.8646479,500.0,500.0,,,,,,,,,
3143,447.3745913505554,300416,1763260468.2240252,,,0.00014437083154916763,-0.044005393981933594,-0.0019482029601931572,0.0,0.001078244298696518,0.5019565224647522,0.0001198156678583473,712.0,0.004176197573542595
3146,447.7444541454315,300672,1763260468.593888,,,0.00012374203652143478,-0.00014770030975341797,0.002975749783217907,0.0,-0.0002236887812614441,0.5260466933250427,0.00011966205784119666,712.0,116.37931823730469
3161,449.5963966846466,302208,1763260470.4458306,,,0.00010858755558729172,1.531839370727539e-05,0.00030247215181589127,0.0,-0.000738377682864666,0.5365005135536194,0.00011874039773829281,713.0,421.2663269042969
3170,450.6100215911865,303169,1763260471.4594555,500.0,500.0,,,,,,,,,
3183,452.1349256038666,304512,1763260472.9843595,,,0.00021634530276060104,0.055560529232025146,-0.00572818610817194,0.0,0.0016130134463310242,0.5257802605628967,0.00011735790758393705,714.0,0.0001994314370676875
3188,452.6647605895996,305024,1763260473.5141945,,,4.751421511173248e-05,0.11055099964141846,0.0027715489268302917,0.0,-3.834068775177002e-05,0.5422638058662415,0.00011705069482559338,714.0,0.00019425165373831987
3217,455.80914783477783,307968,1763260476.6585817,,,0.0010723024606704712,-0.11855590343475342,-0.002355862408876419,0.0,-0.010321272537112236,0.5530703067779541,0.00011528417962836102,716.0,7.164715498220176e-05
3224,456.5223226547241,308669,1763260477.3717566,500.0,500.0,,,,,,,,,
3247,459.04890871047974,311040,1763260479.8983426,,,0.00030703283846378326,-0.06787550449371338,0.002433422952890396,0.0,-0.0004011578857898712,0.5523538589477539,0.00011344085942255333,718.0,0.0001323124743066728
3250,459.348345041275,311296,1763260480.197779,,,0.0005268799141049385,0.00018352270126342773,-0.002919054590165615,0.0,-0.00235573947429657,0.5958876609802246,0.00011328724940540269,718.0,0.0009007906774058938
3252,459.6210916042328,311552,1763260480.4705255,,,0.000756680965423584,-0.23948729038238525,-0.0009684339165687561,0.0,0.0008512213826179504,0.4857657551765442,0.00011313363938825205,718.0,8.766790415393189e-05
3255,459.89736700057983,311808,1763260480.746801,,,8.796341717243195e-06,0.29213905334472656,0.0020322101190686226,0.0,0.0004502907395362854,0.6132157444953918,0.00011298002937110141,718.0,0.0029541361145675182
3259,460.2886507511139,312192,1763260481.1380847,,,0.00012129917740821838,7.849931716918945e-05,-0.001638069748878479,0.0,0.0034547224640846252,0.5350995063781738,0.00011274961434537545,718.0,364.2244873046875
3272,461.74598264694214,313472,1763260482.5954165,,,0.00013463199138641357,-0.04429149627685547,0.002845706418156624,0.0,-0.001956462860107422,0.547497570514679,0.00011198156425962225,719.0,0.00023788119142409414
3275,461.99494910240173,313728,1763260482.844383,,,0.0009874049574136734,-8.225440979003906e-06,-0.001288851723074913,0.0,0.0049597276374697685,0.5564367175102234,0.0001118279542424716,719.0,164.56533813476562
3276,462.12373304367065,313856,1763260482.973167,,,0.00016813911497592926,0.12773150205612183,-0.004216587170958519,0.0,-0.00320328027009964,0.5758993029594421,0.00011175114923389629,719.0,0.0035450176801532507
3296,464.39820098876953,315904,1763260485.247635,,,0.0003646574914455414,-0.004758477210998535,0.0026764776557683945,0.0,-0.0014871694147586823,0.5458780527114868,0.00011052227637264878,720.0,0.0036753849126398563
3299,464.7342462539673,316212,1763260485.5836802,500.0,500.0,,,,,,,,,
3338,469.1546277999878,320212,1763260490.0040617,500.0,500.0,,,,,,,,,
3351,470.6145730018616,321536,1763260491.464007,,,8.228980004787445e-05,-0.028366565704345703,-0.001638706773519516,0.0,-0.0026809312403202057,0.5330070853233337,0.00010714285599533468,722.0,0.00015524073387496173
3357,471.34229612350464,322176,1763260492.19173,,,0.0001630568876862526,0.04155099391937256,-0.0029524648562073708,0.0,0.004050940275192261,0.5202293395996094,0.00010675883095245808,723.0,0.00021675112657248974
3360,471.6186668872833,322432,1763260492.4681008,,,8.43508169054985e-05,0.4032432436943054,0.0033767027780413628,0.0,-0.005269171670079231,0.477475643157959,0.00010660522093530744,723.0,0.0035606129094958305
3377,473.6382706165314,324224,1763260494.4877045,,,0.0010231873020529747,0.0005233883857727051,0.004292271099984646,0.0,-0.015427902340888977,0.5116543173789978,0.00010552995081525296,724.0,226.95809936523438
3398,476.1207709312439,326400,1763260496.9702048,,,0.0001291995868086815,0.3917984962463379,0.0010328525677323341,0.0,-0.004005748778581619,0.5228816866874695,0.00010422427294543013,724.0,0.003297706600278616
3401,476.43519616127014,326712,1763260497.28463,500.0,500.0,,,,,,,,,
3406,477.04427456855774,327212,1763260497.8937085,500.0,500.0,,,,,,,,,
3407,477.1841039657593,327296,1763260498.0335379,,,0.00020514242351055145,0.0005474090576171875,0.0013210754841566086,0.0,-0.011247828602790833,0.47529295086860657,0.00010368663788540289,725.0,129.10386657714844
3419,478.5361752510071,328576,1763260499.3856091,,,0.00016582943499088287,0.3629259467124939,0.0011950228363275528,0.0,-0.006232835352420807,0.4898086190223694,0.00010291858779964969,725.0,0.00013194892380852252
3426,479.28408575057983,329216,1763260500.1335196,,,0.00010626949369907379,0.00029140710830688477,0.002088971436023712,0.0,-0.005831214599311352,0.4517521858215332,0.00010253456275677308,726.0,259.1745300292969
3428,479.5528528690338,329472,1763260500.4022868,,,1.6207806766033173e-05,-0.4056969881057739,-0.0017741871997714043,0.0,-0.0009376183152198792,0.47710028290748596,0.00010238095273962244,726.0,0.00020041046082042158
3435,480.3494453430176,330212,1763260501.1988792,500.0,500.0,,,,,,,,,
3450,482.06049704551697,331712,1763260502.909931,500.0,500.0,,,,,,,,,
3451,482.16824436187744,331776,1763260503.0176783,,,0.0004721749573945999,0.0006403923034667969,-0.00043644197285175323,0.0,0.0011983253061771393,0.4787392318248749,0.00010099846258526668,727.0,79.72601318359375
3462,483.3928544521332,332928,1763260504.2422884,,,3.769434988498688e-05,0.03467559814453125,-0.0018203966319561005,0.0,0.001722872257232666,0.5118844509124756,0.0001003072175080888,727.0,0.003597548231482506
3476,484.9290690422058,334336,1763260505.778503,,,0.0007333224639296532,0.0007796287536621094,-0.009875438176095486,0.0,-0.01111338660120964,0.5066812038421631,9.946236241376027e-05,728.0,0.004121300298720598
3479,485.23148918151855,334712,1763260506.080923,500.0,500.0,,,,,,,,,
3498,487.45235776901245,336640,1763260508.3017917,,,0.0006968434900045395,0.31144702434539795,0.010742098093032837,0.0,-0.00751364603638649,0.4823574423789978,9.807987953536212e-05,729.0,0.000197338275029324
3503,487.9608840942383,337152,1763260508.810318,,,0.00016301218420267105,-0.9158135652542114,-0.0007732817903161049,0.0,-0.0009419145062565804,0.45771390199661255,9.777265950106084e-05,729.0,0.00022905725927557796
3513,488.9413855075836,338176,1763260509.7908194,,,1.3698823750019073e-05,0.03932923078536987,-0.0012943437322974205,0.0,-0.0009689610451459885,0.527338981628418,9.715821943245828e-05,730.0,0.00016060145571827888
3525,490.20946502685547,339328,1763260511.058899,,,4.378519952297211e-05,0.0008383393287658691,-0.0005447454750537872,0.0,0.0006875097751617432,0.43552497029304504,9.64669743552804e-05,730.0,56.489471435546875
3537,491.62197184562683,340712,1763260512.4714057,500.0,500.0,,,,,,,,,
3554,493.69861698150635,342400,1763260514.5480509,,,9.254366159439087e-05,0.39059966802597046,-0.0008761100471019745,0.0,-0.00041050463914871216,0.48636120557785034,9.462365414947271e-05,731.0,0.0030868547037243843
3555,493.837033033371,342528,1763260514.686467,,,0.0002517169341444969,0.25269341468811035,0.0006157280877232552,0.0,-0.0024239011108875275,0.4918862283229828,9.45468491408974e-05,731.0,0.00026351536507718265
3576,496.33816027641296,344704,1763260517.1875942,,,0.00021934136748313904,-1.0502538681030273,-0.00191543810069561,0.0,0.0014020353555679321,0.4151953458786011,9.324116399511695e-05,732.0,0.00031209384906105697
3578,496.50744676589966,344832,1763260517.3568807,,,1.5076249837875366e-05,0.00014531612396240234,0.0005251355469226837,0.0,0.0004011765122413635,0.46690189838409424,9.316435898654163e-05,732.0,37.67662048339844
3581,496.8867156505585,345212,1763260517.7361495,500.0,500.0,,,,,,,,,
3589,497.8290331363678,345984,1763260518.678467,,,0.00010008551180362701,0.4977076053619385,-0.00097641721367836,0.0,-0.001462738960981369,0.44890913367271423,9.247312118532136e-05,733.0,0.00040800898568704724
3613,500.5429925918579,348416,1763260521.3924265,,,0.0003411313518881798,0.2785881757736206,-0.0063653504475951195,0.0,-0.008045237511396408,0.48591136932373047,9.101382602239028e-05,734.0,0.004216221626847982
3622,501.5251159667969,349312,1763260522.3745499,,,0.000446871854364872,0.0011508464813232422,-0.00041158590465784073,0.0,0.0001751929521560669,0.45318928360939026,9.047619096236303e-05,734.0,213.49578857421875
3640,503.5024378299713,351212,1763260524.3518717,500.0,500.0,,,,,,,,,
3656,505.28395104408264,352768,1763260526.133385,,,2.255477011203766e-05,0.0009766817092895508,-0.0008225888013839722,0.0,0.0013086125254631042,0.48312145471572876,8.840245573082939e-05,735.0,49.35426712036133
3669,506.8041615486145,354176,1763260527.6535954,,,0.0003515295684337616,0.12001299858093262,-0.0059549082070589066,0.0,0.0031413938850164413,0.49749577045440674,8.755760063650087e-05,736.0,0.0004131433670409024
3679,507.9471950531006,355200,1763260528.796629,,,0.0004362110048532486,-0.35549068450927734,-0.008078768849372864,0.0,0.004139268770813942,0.41524752974510193,8.694316784385592e-05,736.0,0.0004560852248687297
3683,508.3869309425354,355584,1763260529.2363648,,,7.753167301416397e-05,0.24784338474273682,0.0009990902617573738,0.0,-0.0009300559759140015,0.5177878737449646,8.671275281812996e-05,736.0,0.00036262223147787154
3684,508.55067586898804,355712,1763260529.4001098,500.0,500.0,9.095203131437302e-05,0.0003425478935241699,-0.003756697289645672,0.0,-0.0014581382274627686,0.4770907163619995,8.663594780955464e-05,736.0,292.81817626953125
3711,511.6137034893036,358528,1763260532.4631374,,,0.00046324823051691055,-1.1239633560180664,-0.0077791763469576836,0.0,-0.0017379522323608398,0.464568167924881,8.494623762089759e-05,738.0,0.0003763398854061961
3713,511.7798628807068,358712,1763260532.6292968,500.0,500.0,,,,,,,,,
3715,512.0315175056458,358912,1763260532.8809514,,,3.494415432214737e-05,-0.2486485242843628,-0.002183712087571621,0.0,0.0015420597046613693,0.5343804955482483,8.471582259517163e-05,738.0,0.0030563820619136095
3731,513.8328564167023,360576,1763260534.6822903,,,0.0004663383588194847,0.47496849298477173,0.005487821064889431,0.0,-0.011613160371780396,0.3923359513282776,8.371735748369247e-05,738.0,0.0005121265421621501
3734,514.1311087608337,360832,1763260534.9805427,,,2.8123147785663605e-05,0.00033289194107055664,0.0002521807327866554,0.0,5.323439836502075e-05,0.5092115998268127,8.356374746654183e-05,739.0,425.6349792480469
3755,516.4135451316833,363008,1763260537.262979,,,1.8812716007232666e-06,-0.35059547424316406,-0.0003273710608482361,0.0,-0.0008377954363822937,0.4478396475315094,8.225806232076138e-05,740.0,0.0004989546723663807
3775,518.4369504451752,365056,1763260539.2863843,,,0.00015484262257814407,-0.21688544750213623,0.0008919863030314445,0.0,0.0006077885627746582,0.5081879496574402,8.102918945951387e-05,741.0,0.00027430473710410297
3779,518.8689410686493,365440,1763260539.718375,,,0.00015925616025924683,-0.22877764701843262,-0.0022963285446166992,0.0,-0.003100927919149399,0.45168647170066833,8.079877443378791e-05,741.0,0.0029256190173327923
3804,521.4131231307983,368000,1763260542.262557,,,8.040294051170349e-05,0.1247333288192749,0.0002497974783182144,0.0,0.002596907317638397,0.4609735608100891,7.926267426228151e-05,742.0,0.00046879841829650104
3807,521.6830954551697,368256,1763260542.5325294,,,5.6141987442970276e-05,0.0008617043495178223,0.0004005245864391327,0.0,0.0010605454444885254,0.4728332757949829,7.910906424513087e-05,742.0,257.6787109375
3847,525.8286163806915,372480,1763260546.6780503,,,4.979502409696579e-05,-0.337649941444397,-0.001145065762102604,0.0,0.0004467116668820381,0.4390674829483032,7.65744989621453e-05,745.0,0.0008103784639388323
3879,529.1081984043121,375712,1763260549.9576323,500.0,500.0,,,,,,,,,
3883,529.6435112953186,376192,1763260550.4929452,,,3.9516016840934753e-05,-0.304751992225647,-0.0010387226939201355,0.0,0.0005579888820648193,0.5119582414627075,7.434716098941863e-05,746.0,0.0002723699726630002
3884,529.6533508300781,376212,1763260550.5027847,500.0,500.0,,,,,,,,,
3887,530.0383927822113,376576,1763260550.8878267,,,1.788884401321411e-05,-1.7342350482940674,-0.0003019440919160843,0.0,0.0015847720205783844,0.5069112181663513,7.411674596369267e-05,746.0,0.00032779728644527495
3891,530.4317827224731,376960,1763260551.2812166,,,8.165836334228516e-06,-0.41390764713287354,0.00013375282287597656,0.0,-0.00023540854454040527,0.3964892029762268,7.38863309379667e-05,747.0,0.0035534249618649483
3898,531.1290068626404,377712,1763260551.9784408,500.0,500.0,,,,,,,,,
3912,532.6207389831543,379136,1763260553.470173,,,9.208265691995621e-05,-0.5762131214141846,0.003307347185909748,0.0,-0.001157708466053009,0.43941450119018555,7.258064579218626e-05,748.0,0.000652044836897403
3915,532.9156627655029,379392,1763260553.7650967,,,0.00031503941863775253,0.8031840324401855,0.004095521755516529,0.0,0.0036608055233955383,0.48238682746887207,7.242703577503562e-05,748.0,0.0032161970157176256
3928,534.1708500385284,380712,1763260555.020284,500.0,500.0,,,,,,,,,
3944,535.8470540046692,382336,1763260556.696488,,,0.000119001604616642,0.0009680390357971191,-0.0021089864894747734,0.0,0.00681222602725029,0.46431005001068115,7.066052057780325e-05,749.0,0.002862445078790188
3945,535.963677406311,382464,1763260556.8131113,,,0.00015971343964338303,-0.1499645709991455,-0.000980122946202755,0.0,-0.0008921176195144653,0.5011761784553528,7.058371556922793e-05,749.0,0.0022474508732557297
3946,536.1089973449707,382592,1763260556.9584312,,,2.4016015231609344e-05,0.08582013845443726,-0.002804282121360302,0.0,0.0019245743751525879,0.4547289311885834,7.050691056065261e-05,749.0,0.0005379078793339431
3954,536.8728199005127,383360,1763260557.7222538,,,7.040239870548248e-05,0.8516693115234375,-0.0013822577893733978,0.0,-0.0007306858897209167,0.4196149706840515,7.004608050920069e-05,750.0,0.00294884224422276
3963,537.8176884651184,384256,1763260558.6671224,,,2.7834437787532806e-05,0.0009431242942810059,-0.0012390455231070518,0.0,0.0019439011812210083,0.42174386978149414,6.950844544917345e-05,750.0,122.86294555664062
3969,538.4736721515656,384896,1763260559.323106,,,3.028661012649536e-06,0.0802721381187439,0.00015893392264842987,0.0,-8.843094110488892e-05,0.5004757046699524,6.912442040629685e-05,750.0,0.0036606204230338335
3981,539.7312114238739,386176,1763260560.5806453,,,0.00011800043284893036,-0.03935086727142334,-0.0009532943367958069,0.0,0.0015169382095336914,0.4169732928276062,6.835637759650126e-05,751.0,0.0005578282871283591
3983,539.8836953639984,386304,1763260560.7331293,,,0.00012985244393348694,0.002623140811920166,-0.0021639708429574966,0.0,0.0004120059311389923,0.47081679105758667,6.827957258792594e-05,751.0,84.76712036132812
3997,541.4828197956085,387840,1763260562.3322537,,,5.014892667531967e-05,0.7691298127174377,0.00012464914470911026,0.0,0.0006256606429815292,0.4606322944164276,6.73579124850221e-05,752.0,0.0031731720082461834
4020,543.8033645153046,390212,1763260564.6527984,500.0,500.0,,,,,,,,,
4059,547.8372704982758,394212,1763260568.6867044,500.0,500.0,,,,,,,,,
4087,550.6842362880707,397056,1763260571.5336702,,,0.0003593703731894493,-0.19105517864227295,0.0014746775850653648,0.0,0.00043949298560619354,0.427833616733551,6.182795914355665e-05,756.0,0.0008248083759099245
4091,551.0391392707825,397440,1763260571.8885732,,,0.00016923528164625168,0.6291158199310303,0.0012261578813195229,0.0,-0.00790579617023468,0.46876102685928345,6.15975441178307e-05,756.0,0.0034639460500329733
4105,552.4975137710571,398848,1763260573.3469477,,,5.49759715795517e-06,0.8186647891998291,-0.00040011387318372726,0.0,-0.0003095334395766258,0.47635239362716675,6.075268902350217e-05,757.0,0.0022771023213863373
4109,552.8570668697357,399232,1763260573.7065008,,,2.03792005777359e-05,0.0004552602767944336,-0.0001059994101524353,0.0,0.00047506019473075867,0.38828301429748535,6.052227399777621e-05,757.0,214.76856994628906
4115,553.4989511966705,399872,1763260574.348385,,,0.00040826667100191116,0.7344411015510559,-0.001438298262655735,0.0,-0.007460545748472214,0.4189314842224121,6.013824895489961e-05,757.0,0.0032200347632169724
4119,553.8619096279144,400256,1763260574.7113435,,,4.725530743598938e-06,0.0016272664070129395,-0.0003108438104391098,0.0,0.0006652921438217163,0.413394570350647,5.990783392917365e-05,758.0,171.62911987304688
4144,556.3938314914703,402816,1763260577.2432654,,,4.719197750091553e-05,0.0009641051292419434,0.0009802598506212234,0.0,0.0011131800711154938,0.4487038254737854,5.837173739564605e-05,759.0,216.10560607910156
4150,557.0118434429169,403456,1763260577.8612773,,,4.275050014257431e-05,0.5751397609710693,0.00037348922342061996,0.0,0.0007062926888465881,0.41432952880859375,5.798771235276945e-05,759.0,0.0030049236956983805
4168,558.8901124000549,405376,1763260579.7395463,,,1.3982877135276794e-05,0.5822157859802246,0.0008246507495641708,0.0,-0.0008110441267490387,0.46737509965896606,5.6835637224139646e-05,760.0,0.0030124192126095295
4184,560.4496519565582,407040,1763260581.2990859,,,0.00026120152324438095,-0.3817107677459717,0.004674720577895641,0.0,0.0009381966665387154,0.456438809633255,5.583717211266048e-05,761.0,0.001061376417055726
4194,561.39226770401,408064,1763260582.2417016,,,5.959533154964447e-06,0.8593879342079163,-0.0002879621461033821,0.0,0.0005845203995704651,0.48066818714141846,5.522273568203673e-05,761.0,0.0009491469827480614
4199,561.9224464893341,408576,1763260582.7718804,,,0.00041379034519195557,0.4935005307197571,0.007105149328708649,0.0,-0.010425102896988392,0.4666885435581207,5.491551564773545e-05,762.0,0.0010410924442112446
4224,564.4465074539185,411136,1763260585.2959414,,,2.1452084183692932e-05,0.29773950576782227,-0.00041946955025196075,0.0,0.0003723073750734329,0.45960018038749695,5.337941547622904e-05,763.0,0.0009242091909982264
4229,564.941730260849,411648,1763260585.7911642,,,1.11432746052742e-05,0.38271665573120117,0.00014406908303499222,0.0,0.00010699033737182617,0.41987118124961853,5.307219544192776e-05,763.0,0.0010876650922000408
4243,566.3608372211456,413056,1763260587.2102711,,,0.0003422219306230545,0.14811164140701294,-0.0003149360418319702,0.0,0.0006085112690925598,0.5007995367050171,5.2227343985578045e-05,764.0,0.0013070524437353015
4246,566.6013162136078,413312,1763260587.45075,,,6.15343451499939e-05,0.0022022128105163574,0.0017498694360256195,0.0,0.0009319037199020386,0.3417383134365082,5.2073733968427405e-05,764.0,234.01028442382812
4252,567.2632250785828,413952,1763260588.112659,,,0.00013375189155340195,-0.02879798412322998,0.004341862164437771,0.0,-0.005594922229647636,0.38496434688568115,5.1689708925550804e-05,764.0,0.0036337897181510925
4254,567.5238444805145,414208,1763260588.3732784,,,2.3618340492248535e-06,0.6419863104820251,0.0004554595798254013,0.0,-0.00035703182220458984,0.44571805000305176,5.153609890840016e-05,764.0,0.0010255712550133467
4255,567.5267052650452,414212,1763260588.3761392,500.0,500.0,,,,,,,,,
4273,569.4501466751099,416128,1763260590.2995806,,,2.2221356630325317e-05,0.5167641639709473,-0.0013353656977415085,0.0,0.000789642333984375,0.4208083152770996,5.038402377977036e-05,765.0,0.0008153324015438557
4276,569.7260265350342,416384,1763260590.5754604,,,0.00013295281678438187,0.914582371711731,0.002470499835908413,0.0,-0.0015247948467731476,0.43499404191970825,5.023041376261972e-05,765.0,0.002940339269116521
4277,569.8380634784698,416512,1763260590.6874974,,,0.000617525540292263,-0.8687855005264282,0.0044855521991848946,0.0,-0.001323111355304718,0.36868977546691895,5.01536087540444e-05,765.0,0.0015944427577778697
4278,569.9548165798187,416640,1763260590.8042505,,,0.00034120865166187286,-0.27926182746887207,0.004793869331479073,0.0,-0.0024510174989700317,0.5247217416763306,5.007680374546908e-05,765.0,0.0006370559567585588
4288,570.9557936191559,417664,1763260591.8052275,,,4.737451672554016e-05,0.011756360530853271,6.660632789134979e-05,0.0,0.0024204030632972717,0.47189396619796753,4.9462367314845324e-05,766.0,0.0010174335911870003
4290,571.0933818817139,417792,1763260591.9428158,,,1.607462763786316e-06,0.0023218393325805664,3.1556934118270874e-05,0.0,-0.0001812949776649475,0.44571858644485474,4.938556230627e-05,766.0,263.075439453125
4292,571.3487033843994,418048,1763260592.1981373,,,1.7646700143814087e-05,0.8167269825935364,-0.0007595531642436981,0.0,-0.0012113451957702637,0.45846956968307495,4.923195228911936e-05,766.0,0.0009121111943386495
4314,573.7190573215485,420352,1763260594.5684912,,,7.316470146179199e-05,0.708867073059082,-0.0002172458916902542,0.0,-0.001287529245018959,0.4106082618236542,4.78494621347636e-05,767.0,0.003215412376448512
4318,574.0958971977234,420736,1763260594.945331,,,5.4026953876018524e-05,0.00031197071075439453,0.003931134007871151,0.0,-0.0026321187615394592,0.4273679554462433,4.761904710903764e-05,767.0,299.87286376953125
4346,577.1598043441772,423680,1763260598.0092382,,,3.1189993023872375e-06,-1.7200837135314941,-0.00025969091802835464,0.0,-0.0001203194260597229,0.4602215886116028,4.585253554978408e-05,768.0,0.0012943200999870896
4366,579.0999274253845,425712,1763260599.9493613,500.0,500.0,,,,,,,,,
4372,579.6782865524292,426240,1763260600.5277205,,,5.0362199544906616e-05,0.00041854381561279297,0.001771632581949234,0.0,-0.0017231181263923645,0.45240798592567444,4.4316435378277674e-05,769.0,203.72918701171875
4377,580.1844782829285,426752,1763260601.0339122,,,0.00031846482306718826,0.0035650134086608887,0.0023306580260396004,0.0,-0.00048543885350227356,0.4323316812515259,4.400921534397639e-05,769.0,104.783935546875
4378,580.3402132987976,426880,1763260601.1896472,,,8.030794560909271e-06,0.862393856048584,-0.0003588413819670677,0.0,0.0006049610674381256,0.41532963514328003,4.393241033540107e-05,769.0,0.0030373679473996162
4387,581.1906323432922,427776,1763260602.0400662,,,0.0001793568953871727,0.0012850761413574219,-0.002560964785516262,0.0,-0.004211701452732086,0.42135897278785706,4.339477891335264e-05,770.0,61.59284973144531
4396,582.0785109996796,428712,1763260602.927945,500.0,500.0,,,,,,,,,
4413,583.8341438770294,430464,1763260604.6835778,,,8.795037865638733e-05,-0.1565793752670288,0.000697726383805275,0.0,-0.0016926229000091553,0.4196660816669464,4.178187373327091e-05,771.0,0.0025418596342206
4415,584.0032007694244,430712,1763260604.8526347,500.0,500.0,,,,,,,,,
4456,588.2453734874725,434816,1763260609.0948074,,,3.394670784473419e-06,0.0023831725120544434,0.0010248413309454918,0.0,-0.0008870959281921387,0.3796004354953766,3.917050707968883e-05,773.0,350.49957275390625
4470,589.7424314022064,436352,1763260610.5918653,,,4.0531158447265625e-06,0.8629094958305359,-0.0001295190304517746,0.0,0.00035249441862106323,0.3877120316028595,3.824884697678499e-05,773.0,0.0021646053064614534
4478,590.5257918834686,437212,1763260611.3752258,500.0,500.0,,,,,,,,,
4480,590.737706899643,437376,1763260611.5871408,,,4.390254616737366e-06,0.9247655272483826,7.508322596549988e-06,0.0,-0.00032526254653930664,0.42485129833221436,3.763440690818243e-05,774.0,0.002068562200292945
4492,592.0257408618927,438656,1763260612.8751748,,,2.153497189283371e-05,0.4511069655418396,-7.255934178829193e-06,0.0,-0.0011611059308052063,0.36829182505607605,3.686636046040803e-05,774.0,0.0014423177344724536
4496,592.3712267875671,439040,1763260613.2206607,,,0.00013780780136585236,0.2625790238380432,0.002728663384914398,0.0,-0.0032432451844215393,0.4766242504119873,3.663594543468207e-05,774.0,0.0013303834712132812
4498,592.5302047729492,439212,1763260613.3796387,500.0,500.0,,,,,,,,,
4520,594.8591170310974,441472,1763260615.708551,,,0.00010244734585285187,0.8926630020141602,0.006041141226887703,0.0,-0.0028066635131835938,0.45569783449172974,3.5176650271750987e-05,775.0,0.0014018345391377807
4522,595.0316021442413,441712,1763260615.881036,500.0,500.0,,,,,,,,,
4524,595.2821388244629,441856,1763260616.1315727,,,4.540197551250458e-06,0.8835901021957397,-7.760059088468552e-05,0.0,0.00016554445028305054,0.41467583179473877,3.4946235246025026e-05,775.0,0.0023057428188622
4525,595.3946521282196,441984,1763260616.244086,,,1.4016404747962952e-06,0.4185951352119446,-0.0009349221363663673,0.0,-0.00018381699919700623,0.4228366017341614,3.4869430237449706e-05,776.0,0.0017635260010138154
4527,595.5641145706177,442212,1763260616.4135485,500.0,500.0,,,,,,,,,
4531,596.0357711315155,442624,1763260616.885205,,,0.00011939182877540588,-0.4807974100112915,0.00047906674444675446,0.0,-0.002591148018836975,0.4284648895263672,3.448540883255191e-05,776.0,0.001583542674779892
4533,596.1827371120453,442752,1763260617.032171,,,2.3661181330680847e-05,0.0014798641204833984,-0.0010791309177875519,0.0,-0.0006883777678012848,0.35990333557128906,3.440860382397659e-05,776.0,339.2665100097656
4534,596.3394701480865,442880,1763260617.188904,,,0.00012706872075796127,0.8613178133964539,0.0012297341600060463,0.0,-0.005957312881946564,0.3981034457683563,3.433179881540127e-05,776.0,0.0026335713919252157
4543,597.2423481941223,443776,1763260618.091782,,,7.327646017074585e-05,0.003086268901824951,0.0019192621111869812,0.0,0.000736212357878685,0.3901126980781555,3.379416375537403e-05,776.0,24.94174575805664
4555,598.5650858879089,445056,1763260619.4145198,,,0.00010373815894126892,-0.05143928527832031,-0.0006427429616451263,0.0,-0.001849062740802765,0.4166405200958252,3.302611366962083e-05,777.0,0.001709857489913702
4557,598.6905398368835,445212,1763260619.5399737,500.0,500.0,,,,,,,,,
4562,599.2314741611481,445712,1763260620.080908,500.0,500.0,,,,,,,,,
4576,600.7224373817444,447212,1763260621.5718713,500.0,500.0,,,,,,,,,
4604,603.6793766021729,450048,1763260624.5288105,,,7.307995110750198e-05,0.47918474674224854,-0.0010209744796156883,0.0,-0.0010401122272014618,0.40904366970062256,3.0030721973162144e-05,778.0,0.0016475855372846127
4613,604.6000792980194,450944,1763260625.4495132,,,4.23286110162735e-05,0.6168172359466553,-0.0011605210602283478,0.0,-0.0022435449063777924,0.4517412483692169,2.9493086913134903e-05,779.0,0.002529869321733713
4626,606.0768795013428,452352,1763260626.9263134,,,0.00010899081826210022,0.9364989995956421,0.003081889823079109,0.0,-0.004531145095825195,0.38447049260139465,2.8648233637795784e-05,779.0,0.002299938816577196
4635,607.0232450962067,453248,1763260627.872679,,,7.244758307933807e-06,0.001579582691192627,-0.0003865594044327736,0.0,-0.0016419067978858948,0.38293448090553284,2.8110598577768542e-05,779.0,3.7237303256988525
4641,607.6945583820343,453888,1763260628.5439923,,,1.650303602218628e-05,0.5994889736175537,0.0010176189243793488,0.0,-0.0005409549921751022,0.4223462641239166,2.7726575353881344e-05,780.0,0.002572078024968505
4644,607.9867112636566,454212,1763260628.8361452,500.0,500.0,,,,,,,,,
4661,609.7767581939697,455936,1763260630.626192,,,3.6545097827911377e-06,0.6293555498123169,0.00032750144600868225,0.0,-0.00047742947936058044,0.39936843514442444,2.649769521667622e-05,780.0,0.0023518758825957775
4675,611.1610057353973,457344,1763260632.0104396,,,2.4402514100074768e-05,0.9328600764274597,-0.00018514879047870636,0.0,0.00033754855394363403,0.4010119140148163,2.56528419413371e-05,781.0,0.0019729374907910824
4691,612.800300359726,459008,1763260633.6497343,,,4.833471029996872e-05,0.25400102138519287,-0.0014521582052111626,0.0,-0.0006318800151348114,0.36527392268180847,2.465437864884734e-05,782.0,0.001376137719489634
4709,614.6588885784149,460800,1763260635.5083225,,,4.239380359649658e-06,0.0036053061485290527,-0.00023456476628780365,0.0,-0.0001960545778274536,0.3712061047554016,2.3579108528792858e-05,782.0,125.68678283691406
4713,615.0127775669098,461212,1763260635.8622115,500.0,500.0,,,,,,,,,
4738,617.494466304779,463744,1763260638.3439002,,,2.592802047729492e-06,0.0030468106269836426,-0.0002616439014673233,0.0,0.00021698325872421265,0.3511489927768707,2.1812595150549896e-05,783.0,113.22454071044922
4739,617.6167802810669,463872,1763260638.4662142,,,4.58303838968277e-06,0.8652869462966919,-0.0001572156324982643,0.0,-0.0005251280963420868,0.36170288920402527,2.173579196096398e-05,783.0,0.002132830675691366
4741,617.898440361023,464128,1763260638.7478743,,,6.999634206295013e-05,0.2238149642944336,-3.1225383281707764e-05,0.0,0.0022838525474071503,0.3732418417930603,2.158218194381334e-05,783.0,0.0015462551964446902
4743,618.0173397064209,464256,1763260638.8667736,,,1.2079253792762756e-06,0.004061281681060791,-0.00011470075696706772,0.0,-0.0001435019075870514,0.38628271222114563,2.150537693523802e-05,784.0,281.6766052246094
4754,619.141667842865,465408,1763260639.9911017,,,6.23706728219986e-06,0.34186476469039917,7.516704499721527e-06,0.0,-0.00013421475887298584,0.3869059085845947,2.0814131858060136e-05,784.0,0.0028844368644058704
4755,619.2536449432373,465536,1763260640.1030788,,,2.2212043404579163e-06,0.5195107460021973,-0.0001519015058875084,0.0,-0.0002336893230676651,0.4099457561969757,2.0737326849484816e-05,784.0,0.0017123507568612695
4772,620.8126175403595,467212,1763260641.6620514,500.0,500.0,,,,,,,,,
4786,622.2883954048157,468736,1763260643.1378293,,,2.598389983177185e-07,0.0014342069625854492,-0.0001590801402926445,0.0,-2.0928680896759033e-05,0.3835904002189636,1.8817203454091214e-05,785.0,300.6520690917969
4787,622.412433385849,468864,1763260643.2618673,,,6.766058504581451e-06,0.8830928206443787,0.0007897382602095604,0.0,-0.00014737248420715332,0.4115118086338043,1.8740400264505297e-05,785.0,0.001913296291604638
4788,622.5357623100281,468992,1763260643.3851962,,,3.3350661396980286e-06,0.4545707106590271,0.0006142156198620796,0.0,-0.0004542320966720581,0.3592938184738159,1.8663595255929977e-05,786.0,0.001766915898770094
4796,623.3099536895752,469760,1763260644.1593876,,,2.6586465537548065e-05,0.0026551485061645508,0.001956203021109104,0.0,0.000742938369512558,0.4426507353782654,1.8202765204478055e-05,786.0,195.4814453125
4799,623.6454062461853,470144,1763260644.4948401,,,5.928799510002136e-06,0.07895427942276001,4.1039660573005676e-05,0.0,-0.00012757256627082825,0.36437180638313293,1.7972350178752095e-05,786.0,0.0017135319067165256
4806,624.2875971794128,470784,1763260645.137031,,,4.32431697845459e-05,0.004485666751861572,-0.00043021515011787415,0.0,0.0004188530147075653,0.3646407127380371,1.7588325135875493e-05,786.0,141.54714965820312
4809,624.6362035274506,471168,1763260645.4856374,,,1.5842728316783905e-05,-0.1689906120300293,0.0007881196215748787,0.0,-0.0010192077606916428,0.4350055456161499,1.7357910110149533e-05,786.0,0.001730309915728867
4813,625.0108215808868,471552,1763260645.8602555,,,1.544598489999771e-05,-0.22656619548797607,-0.001014399342238903,0.0,-0.00038429349660873413,0.41647058725357056,1.7127496903412975e-05,787.0,0.002177540445700288
4851,628.8547685146332,475392,1763260649.7042024,,,2.1826475858688354e-05,0.5676442384719849,0.00034007802605628967,0.0,-0.002329908311367035,0.4685838222503662,1.4823348465142772e-05,788.0,0.0022609999869018793
4852,628.9751625061035,475520,1763260649.8245964,,,5.1341019570827484e-05,0.5276576280593872,-0.0012556416913866997,0.0,0.0005800575017929077,0.41972216963768005,1.4746543456567451e-05,788.0,0.0018652785802260041
4859,629.6196484565735,476212,1763260650.4690824,500.0,500.0,,,,,,,,,
4867,630.4980657100677,477056,1763260651.3474996,,,1.6881152987480164e-05,0.24246788024902344,0.00038665346801280975,0.0,0.0004888568073511124,0.37510284781455994,1.3824885172653012e-05,788.0,0.0020937935914844275
4868,630.6093482971191,477184,1763260651.4587822,,,1.374073326587677e-05,0.4037267565727234,0.0003754589706659317,0.0,-0.0018510576337575912,0.38532888889312744,1.3748080164077692e-05,789.0,0.0020177229307591915
4874,631.1471343040466,477712,1763260651.9965682,500.0,500.0,,,,,,,,,
4878,631.6401298046112,478208,1763260652.4895637,,,2.3041851818561554e-05,-0.9247891902923584,0.0007113860920071602,0.0,0.00010109692811965942,0.3410407304763794,1.3133641004969832e-05,789.0,0.0021185914520174265
4882,632.0432271957397,478592,1763260652.892661,,,4.8764050006866455e-05,0.7747775316238403,0.0004118680953979492,0.0,-0.0019311457872390747,0.38037800788879395,1.290322597924387e-05,789.0,0.0021061627194285393
4915,635.319329738617,481920,1763260656.1687636,,,1.1624768376350403e-05,0.22224581241607666,0.0005541164427995682,0.0,-0.0018851235508918762,0.3383335471153259,1.0906297575274948e-05,790.0,0.002201876835897565
4920,635.7880618572235,482432,1763260656.6374958,,,4.080124199390411e-06,0.6738869547843933,-0.00022718217223882675,0.0,7.778406143188477e-05,0.347107857465744,1.0599078450468369e-05,790.0,0.0025147106498479843
4932,637.1081490516663,483712,1763260657.957583,500.0,500.0,1.957640051841736e-06,-0.0011153221130371094,-6.580352783203125e-05,0.0,0.00014213472604751587,0.425537109375,9.831029274209868e-06,791.0,186.77076721191406
4933,637.2573843002319,483840,1763260658.1068182,,,9.440816938877106e-06,0.7980175018310547,0.00016116444021463394,0.0,-0.0010304022580385208,0.36622071266174316,9.754224265634548e-06,791.0,0.0023107605520635843
4939,637.8868126869202,484480,1763260658.7362466,,,1.125037670135498e-06,0.3708505630493164,6.650388240814209e-05,0.0,-0.00017396360635757446,0.4181431531906128,9.370200132252648e-06,791.0,0.0022096969187259674
4946,638.5794606208801,485212,1763260659.4288945,500.0,500.0,,,,,,,,,
4953,639.2539553642273,485888,1763260660.1033893,,,8.102506399154663e-08,0.8352591395378113,-1.071486622095108e-05,0.0,-2.5998800992965698e-05,0.3674953579902649,8.525345947418828e-06,792.0,0.0018550128443166614
4958,639.742662191391,486400,1763260660.592096,,,1.0849907994270325e-06,0.757455050945282,0.0003845924511551857,0.0,-0.00017464160919189453,0.34408941864967346,8.218125913117547e-06,792.0,0.0023221061564981937
4963,640.1919374465942,486912,1763260661.0413713,,,5.944631993770599e-06,0.8452242016792297,0.00038186367601156235,0.0,0.00029775500297546387,0.4311244487762451,7.910905878816266e-06,792.0,0.001842840458266437
4971,640.9164023399353,487712,1763260661.7658362,500.0,500.0,,,,,,,,,
4972,641.0166790485382,487808,1763260661.866113,,,3.1944364309310913e-07,0.00309067964553833,3.12095507979393e-05,0.0,6.753206253051758e-05,0.37474364042282104,7.373271728283726e-06,792.0,161.8864288330078
4978,641.6222741603851,488448,1763260662.471708,,,3.4458935260772705e-08,0.8607465028762817,-0.00010127294808626175,0.0,-2.5004148483276367e-05,0.36658453941345215,6.989247140154475e-06,793.0,0.0021658348850905895
4981,641.8519244194031,488712,1763260662.7013583,500.0,500.0,,,,,,,,,
4989,642.6680173873901,489600,1763260663.5174513,,,2.50060111284256e-06,-0.3330878019332886,8.446443825960159e-05,0.0,-0.0004740394651889801,0.4227285385131836,6.298002972471295e-06,793.0,0.0023917716462165117
4994,643.116913318634,490112,1763260663.9663472,,,1.4500692486763e-06,0.26127004623413086,0.00011325348168611526,0.0,-4.423409700393677e-05,0.4345436096191406,5.990783392917365e-06,794.0,0.0022368584759533405
5008,644.3893229961395,491520,1763260665.238757,,,1.3690441846847534e-07,-0.6424643993377686,0.00011358503252267838,0.0,-0.00013880059123039246,0.35837388038635254,5.145929208083544e-06,794.0,0.002959678415209055
5013,644.8754124641418,492032,1763260665.7248464,,,4.246830940246582e-07,0.28033024072647095,-0.0001135747879743576,0.0,-6.228219717741013e-05,0.3662165701389313,4.838709628529614e-06,794.0,0.002078109886497259
5015,645.0042521953583,492212,1763260665.853686,500.0,500.0,,,,,,,,,
5039,647.2219471931458,494712,1763260668.071381,500.0,500.0,,,,,,,,,
5071,650.1866228580475,497920,1763260671.0360568,,,1.0523945093154907e-07,0.675714373588562,-4.9334950745105743e-05,0.0,9.834766387939453e-06,0.3334215581417084,1.305683554164716e-06,797.0,0.0021943729370832443
